cvss,exposure,asset_criticality,service_type_encoded,exploitability,attack_path_position,historical_incidents,confidence,priority_class,scenario
8.77,1.48,3.48,2.0,7.1,0.0,2,75.0,2,A
7.66,10.6,1.24,2.0,8.77,0.0,13,66.7,2,A
7.31,4.03,4.8,2.0,8.14,6.0,10,25.5,2,A
7.24,12.47,8.26,4.0,7.88,10.0,12,55.9,3,A
9.32,17.37,6.2,1.0,9.96,0.0,7,9.4,3,A
7.63,8.22,5.08,5.0,7.8,10.0,11,20.5,2,A
7.81,12.57,2.54,4.0,9.78,10.0,12,20.5,3,A
9.42,14.01,8.59,2.0,8.2,0.0,1,26.8,3,A
9.65,18.92,8.89,0.0,8.93,0.0,12,67.3,3,A
8.09,5.69,6.05,0.0,9.99,0.0,12,60.5,2,A
8.79,2.73,1.42,4.0,8.15,10.0,13,64.6,2,A
9.05,11.05,9.74,1.0,8.61,6.0,3,6.1,3,A
9.92,7.46,3.64,3.0,9.29,10.0,8,5.3,3,A
8.12,17.54,3.69,1.0,7.48,10.0,4,62.9,3,A
7.72,12.38,5.4,2.0,7.72,10.0,9,39.5,3,A
7.39,2.63,5.37,5.0,8.43,10.0,4,77.3,2,A
9.14,11.03,6.46,4.0,8.2,10.0,6,93.2,3,A
7.06,9.32,5.66,1.0,8.66,10.0,10,26.3,2,A
7.21,2.35,6.68,5.0,7.71,10.0,10,91.0,2,A
9.35,11.25,7.51,3.0,9.42,0.0,7,59.7,3,A
9.02,13.52,4.19,1.0,9.95,0.0,1,87.1,3,A
7.42,14.84,8.21,0.0,7.55,6.0,14,23.2,3,A
8.96,18.54,4.99,3.0,8.62,0.0,1,57.3,3,A
9.59,18.6,8.64,3.0,9.71,0.0,6,51.1,3,A
9.09,19.72,3.39,4.0,9.19,10.0,13,48.2,3,A
9.24,10.25,2.71,0.0,7.17,10.0,1,10.6,3,A
7.21,18.47,5.78,0.0,7.2,0.0,5,53.2,3,A
8.26,18.89,6.13,4.0,8.75,10.0,2,8.8,3,A
9.02,5.95,7.03,4.0,7.9,6.0,4,30.2,3,A
7.22,18.78,1.08,2.0,7.64,6.0,3,58.5,2,A
9.5,7.63,1.62,2.0,9.11,10.0,14,32.1,3,A
9.82,16.33,5.76,3.0,7.4,0.0,3,57.7,3,A
7.61,15.11,2.4,0.0,8.9,6.0,10,25.0,2,A
7.13,5.77,9.17,0.0,8.0,0.0,8,65.3,2,A
7.34,5.98,7.67,5.0,9.84,10.0,0,45.6,2,A
7.13,11.37,8.51,4.0,8.09,0.0,4,19.1,2,A
9.92,4.99,3.25,3.0,9.25,0.0,13,79.1,3,A
9.35,19.55,8.3,1.0,8.24,10.0,10,7.4,3,A
9.58,16.4,3.4,4.0,7.67,6.0,1,15.3,3,A
7.98,16.59,8.84,2.0,9.59,6.0,12,67.7,3,A
7.35,10.68,7.12,2.0,9.91,0.0,0,36.5,2,A
8.31,19.69,1.34,3.0,9.95,0.0,10,37.8,3,A
8.09,11.96,3.29,3.0,7.21,10.0,6,5.2,2,A
9.0,12.84,6.97,2.0,7.98,10.0,9,90.5,3,A
8.85,3.42,4.78,3.0,7.9,10.0,5,69.3,3,A
8.39,6.77,2.89,3.0,8.33,0.0,10,62.6,2,A
8.55,16.08,9.64,1.0,8.9,6.0,9,67.6,3,A
7.07,19.09,3.11,2.0,7.73,6.0,4,81.6,3,A
8.48,15.6,5.1,4.0,7.73,10.0,12,59.7,3,A
7.53,17.96,8.74,3.0,9.87,10.0,7,78.9,3,A
9.0,11.59,9.26,5.0,9.96,10.0,14,17.7,3,A
9.49,15.35,4.98,3.0,8.64,0.0,13,89.7,3,A
8.88,10.02,3.33,5.0,7.82,0.0,15,65.6,2,A
7.69,5.46,4.02,2.0,9.08,10.0,4,12.7,2,A
8.17,8.88,3.98,2.0,9.31,10.0,13,10.9,0,A
9.26,17.73,6.18,5.0,9.56,6.0,9,94.6,3,A
8.31,14.96,8.2,1.0,7.09,6.0,8,51.4,3,A
9.72,16.16,7.52,5.0,8.78,10.0,0,92.4,3,A
7.98,13.21,2.22,4.0,8.36,6.0,12,9.8,2,A
8.41,8.2,7.77,2.0,9.25,0.0,2,29.0,2,A
9.85,7.65,6.85,3.0,7.6,0.0,0,66.9,3,A
9.1,5.53,5.26,1.0,9.3,0.0,14,95.0,3,A
7.32,19.31,7.47,2.0,7.08,6.0,9,20.6,3,A
7.31,18.25,4.38,0.0,9.32,10.0,7,23.8,3,A
8.98,3.3,9.85,5.0,7.21,10.0,13,38.0,3,A
9.12,17.14,8.4,1.0,8.31,10.0,14,96.3,3,A
8.31,13.36,6.54,1.0,9.19,6.0,14,78.6,3,A
8.71,5.66,9.41,1.0,9.0,6.0,14,47.8,3,A
7.84,17.17,2.64,5.0,8.79,6.0,10,80.8,3,A
9.07,10.82,2.72,0.0,8.94,6.0,7,43.6,3,A
8.42,1.33,3.65,2.0,8.59,6.0,11,28.1,2,A
7.36,11.46,4.17,5.0,7.58,0.0,7,34.1,2,A
9.17,19.07,7.21,5.0,9.93,10.0,8,75.2,3,A
7.04,19.63,8.49,1.0,8.6,6.0,9,39.3,3,A
7.31,2.04,3.63,2.0,7.04,6.0,15,65.6,2,A
7.34,9.37,2.66,4.0,7.2,6.0,15,94.4,2,A
7.26,12.96,1.48,1.0,7.74,10.0,9,58.5,2,A
9.73,12.52,8.12,4.0,7.89,10.0,14,54.6,3,A
8.88,6.8,6.59,5.0,7.79,0.0,6,75.3,3,A
7.87,4.3,1.68,5.0,7.69,10.0,15,47.8,2,A
8.28,17.33,1.64,4.0,8.63,10.0,6,30.1,3,A
8.32,6.05,2.28,3.0,8.41,6.0,9,80.3,2,A
9.67,18.91,5.5,3.0,9.2,10.0,1,12.6,3,A
10.0,2.74,9.66,2.0,9.02,6.0,0,59.6,3,A
7.54,15.5,2.58,3.0,8.76,10.0,8,47.0,3,A
9.57,19.41,5.23,0.0,7.99,10.0,3,35.5,3,A
7.94,13.59,4.6,1.0,7.97,6.0,2,8.5,2,A
7.56,16.67,1.01,1.0,8.09,6.0,1,48.9,2,A
9.64,15.44,2.83,2.0,8.45,0.0,14,93.1,3,A
7.28,12.57,3.15,0.0,9.98,0.0,13,57.3,2,A
8.25,3.23,8.49,2.0,8.45,6.0,8,73.1,3,A
9.59,11.47,4.45,0.0,7.83,6.0,4,53.3,3,A
9.6,15.97,3.4,3.0,8.34,6.0,15,74.0,3,A
9.94,11.49,5.89,4.0,7.72,6.0,6,35.6,3,A
8.16,15.74,1.39,1.0,8.99,10.0,12,72.0,3,A
9.62,10.41,1.33,3.0,8.32,10.0,3,61.1,3,A
8.41,1.29,2.3,1.0,9.91,6.0,2,97.1,2,A
9.86,8.55,1.72,3.0,8.88,6.0,12,69.1,3,A
9.24,1.68,1.62,1.0,8.3,0.0,7,92.5,2,A
7.14,14.37,1.9,0.0,9.39,6.0,0,33.4,2,A
7.51,9.18,3.2,2.0,7.24,6.0,5,69.8,2,A
8.38,5.58,9.22,5.0,9.0,6.0,8,48.8,3,A
8.92,13.87,2.42,2.0,8.27,6.0,9,37.8,3,A
8.72,6.74,9.99,1.0,8.72,10.0,12,15.1,3,A
9.73,19.58,6.92,2.0,9.24,6.0,1,58.8,3,A
9.03,5.37,8.22,1.0,9.16,10.0,8,23.1,3,A
7.1,3.6,1.87,4.0,8.09,0.0,14,8.7,2,A
8.59,6.61,7.73,4.0,9.74,0.0,11,17.6,0,A
9.41,16.67,5.34,0.0,8.4,0.0,10,75.9,3,A
7.27,19.36,8.74,3.0,8.18,6.0,11,98.1,3,A
7.33,9.64,7.06,2.0,7.7,0.0,11,60.5,2,A
9.73,18.92,3.95,4.0,7.91,6.0,14,66.5,3,A
9.66,1.86,1.33,4.0,7.41,6.0,7,16.0,2,A
9.66,19.04,7.27,3.0,8.96,6.0,4,60.8,3,A
9.85,18.84,3.52,1.0,9.57,0.0,14,25.6,3,A
7.57,7.98,9.12,2.0,7.37,6.0,8,10.8,2,A
7.73,5.03,6.76,0.0,7.38,10.0,10,9.8,2,A
7.99,16.77,5.99,1.0,7.44,10.0,7,82.2,3,A
7.33,17.31,2.3,1.0,9.6,0.0,5,28.8,2,A
7.38,16.01,3.14,0.0,8.26,0.0,1,21.6,2,A
9.84,10.05,8.0,3.0,7.13,10.0,7,15.4,3,A
8.28,9.7,9.68,1.0,7.32,10.0,12,50.5,3,A
8.87,2.4,1.73,0.0,8.76,10.0,8,11.2,2,A
9.38,19.9,5.78,1.0,7.34,10.0,3,62.5,3,A
8.24,15.61,7.49,4.0,9.48,6.0,7,47.9,3,A
9.06,2.81,4.84,3.0,8.42,0.0,4,40.6,2,A
8.76,2.77,1.87,5.0,8.68,6.0,1,82.1,2,A
9.91,8.81,8.86,5.0,8.8,6.0,1,45.2,3,A
9.54,10.64,2.39,4.0,8.1,6.0,11,85.5,3,A
8.83,16.34,8.61,0.0,8.97,10.0,0,82.8,3,A
7.54,4.43,7.32,1.0,7.43,10.0,0,37.3,2,A
8.13,3.7,6.7,0.0,8.36,0.0,6,75.9,2,A
7.47,14.71,7.99,0.0,9.26,0.0,1,13.1,0,A
7.65,6.17,6.96,0.0,8.54,6.0,8,47.0,2,A
7.66,6.38,7.11,0.0,9.95,0.0,1,68.4,2,A
7.36,6.73,2.9,0.0,8.49,6.0,10,29.3,2,A
7.22,8.22,7.33,5.0,9.59,0.0,11,84.2,2,A
9.13,9.74,1.7,2.0,8.25,0.0,12,45.8,2,A
7.26,19.36,2.55,0.0,9.53,0.0,11,48.7,0,A
8.0,8.61,1.71,0.0,7.5,10.0,7,75.9,2,A
7.71,11.08,2.75,1.0,7.44,0.0,4,38.4,2,A
8.39,3.9,7.83,0.0,8.69,10.0,15,95.4,3,A
7.45,18.56,6.08,2.0,7.2,6.0,10,64.3,3,A
8.36,16.13,6.32,4.0,7.17,6.0,14,12.0,3,A
8.74,17.42,8.7,1.0,9.86,10.0,14,53.2,3,A
8.5,9.54,8.29,3.0,9.87,6.0,15,35.5,3,A
7.12,18.08,4.09,3.0,9.12,6.0,5,52.9,3,A
9.04,12.59,4.28,0.0,7.16,10.0,10,41.8,3,A
8.0,2.25,1.85,2.0,8.75,0.0,4,32.0,2,A
7.93,6.89,6.9,3.0,8.13,6.0,2,17.3,2,A
8.94,13.73,8.46,4.0,8.27,6.0,2,70.1,3,A
7.68,6.87,9.56,4.0,7.41,0.0,6,77.8,2,A
8.99,15.97,5.57,1.0,9.63,10.0,1,75.2,3,A
9.16,8.16,2.46,5.0,7.13,6.0,5,78.3,3,A
7.7,5.51,5.0,2.0,7.72,6.0,14,76.1,2,A
9.33,4.69,7.1,0.0,8.51,6.0,9,46.9,3,A
9.62,16.52,8.21,4.0,8.66,0.0,15,28.8,3,A
9.72,10.8,2.12,0.0,7.44,6.0,14,20.2,3,A
7.16,18.3,8.35,5.0,8.51,0.0,13,93.4,3,A
9.37,2.55,3.02,4.0,7.41,6.0,10,14.4,2,A
9.72,9.98,8.48,3.0,7.06,0.0,0,49.6,3,A
7.71,11.43,7.55,4.0,7.37,0.0,9,15.6,2,A
8.9,16.08,5.11,5.0,8.73,10.0,0,91.0,3,A
8.57,9.16,6.53,3.0,8.08,10.0,2,44.6,3,A
8.91,15.94,5.57,2.0,9.94,6.0,1,88.0,3,A
9.31,7.78,1.61,2.0,9.21,6.0,3,67.4,0,A
9.94,7.69,4.05,2.0,8.44,0.0,14,83.9,3,A
9.37,2.2,7.99,3.0,9.66,6.0,1,32.9,3,A
7.86,10.79,9.9,1.0,9.59,0.0,6,29.1,3,A
9.68,7.31,2.12,5.0,8.16,0.0,14,89.5,0,A
7.24,10.45,9.32,3.0,8.81,0.0,13,81.1,3,A
7.5,7.1,1.72,4.0,8.33,6.0,13,34.1,2,A
7.23,17.53,4.17,1.0,8.91,6.0,1,31.1,0,A
7.1,15.25,2.44,5.0,7.2,10.0,14,85.6,0,A
8.12,8.27,6.11,0.0,9.29,10.0,11,69.5,3,A
9.21,7.97,3.83,2.0,8.5,6.0,0,96.2,3,A
9.08,3.24,7.97,0.0,10.0,0.0,9,25.4,0,A
9.43,17.2,5.07,3.0,9.9,6.0,2,47.3,3,A
9.14,14.48,5.95,0.0,9.78,10.0,5,33.5,3,A
9.37,7.87,3.02,0.0,7.08,10.0,7,80.2,3,A
7.93,9.88,9.85,4.0,10.0,10.0,2,89.0,3,A
8.93,8.81,4.68,2.0,8.35,10.0,10,16.9,3,A
8.3,3.44,8.46,2.0,9.73,0.0,4,60.8,2,A
8.04,10.84,3.74,3.0,9.82,6.0,7,93.8,3,A
8.84,5.76,6.72,0.0,7.28,10.0,9,16.9,3,A
9.53,18.89,2.39,5.0,8.69,0.0,10,73.5,3,A
8.85,19.02,7.94,1.0,7.09,10.0,13,25.0,3,A
7.89,13.2,3.72,5.0,7.22,0.0,12,81.7,2,A
9.2,8.9,5.18,2.0,9.58,6.0,10,18.6,3,A
8.35,8.04,6.05,3.0,7.42,0.0,8,49.3,2,A
9.44,8.3,6.54,5.0,9.8,10.0,5,87.2,3,A
8.49,15.5,5.48,0.0,7.27,6.0,9,52.4,3,A
8.79,19.37,2.94,1.0,9.53,10.0,15,9.8,3,A
9.29,11.2,8.62,4.0,8.1,6.0,11,88.8,3,A
9.29,11.67,4.26,5.0,7.84,10.0,14,41.7,3,A
8.67,3.26,9.78,3.0,8.1,0.0,10,80.5,3,A
9.41,10.67,5.5,3.0,8.56,0.0,10,18.0,3,A
8.78,10.79,3.95,3.0,8.52,10.0,9,20.4,3,A
9.94,14.47,3.7,3.0,8.75,10.0,3,40.0,3,A
9.16,12.96,6.37,1.0,8.75,0.0,7,67.3,3,A
7.09,14.7,7.97,2.0,9.84,0.0,7,83.1,3,A
9.62,9.38,4.77,1.0,9.21,0.0,15,24.4,3,A
7.94,10.85,6.05,5.0,7.52,10.0,12,50.4,3,A
8.83,7.73,7.95,5.0,7.58,0.0,8,66.1,3,A
9.07,6.67,9.47,5.0,8.47,6.0,6,78.3,3,A
9.69,18.74,8.16,3.0,8.18,6.0,12,16.6,3,A
9.77,16.29,3.61,4.0,8.97,10.0,11,72.8,3,A
7.33,4.84,5.85,5.0,9.22,0.0,4,71.1,2,A
7.99,13.73,5.78,0.0,8.42,10.0,13,10.0,3,A
8.43,1.1,5.95,2.0,7.6,6.0,15,43.7,2,A
9.74,13.27,9.17,3.0,7.53,0.0,1,59.5,3,A
9.63,1.69,8.53,2.0,7.03,10.0,9,22.7,3,A
9.67,18.64,4.02,2.0,7.4,10.0,15,65.9,3,A
9.16,4.66,2.01,1.0,7.04,6.0,8,48.6,2,A
9.48,11.79,7.82,5.0,8.55,0.0,12,86.3,3,A
7.78,2.81,9.84,2.0,7.71,6.0,0,93.9,2,A
7.19,6.74,7.51,0.0,7.35,6.0,7,67.1,2,A
8.92,14.04,9.31,1.0,9.82,6.0,3,78.1,3,A
8.25,5.16,2.2,3.0,8.65,6.0,11,76.0,2,A
8.58,16.24,8.43,5.0,8.58,6.0,2,69.6,3,A
7.49,11.72,1.56,1.0,9.56,6.0,4,53.0,2,A
8.36,4.9,6.25,4.0,8.54,6.0,1,53.5,2,A
9.45,11.62,7.05,1.0,9.24,10.0,8,7.1,3,A
9.96,9.05,7.3,2.0,8.42,6.0,2,10.7,3,A
8.12,15.61,7.89,0.0,9.67,6.0,13,66.4,3,A
8.96,18.23,4.38,3.0,8.04,0.0,4,67.9,3,A
9.94,8.47,2.15,0.0,8.39,10.0,0,84.3,3,A
7.57,11.11,8.41,0.0,9.63,0.0,8,37.9,3,A
7.62,13.54,6.53,1.0,7.3,0.0,7,89.5,3,A
7.7,13.77,8.85,5.0,7.65,0.0,14,9.2,3,A
7.71,19.88,3.11,1.0,9.63,10.0,10,59.7,3,A
8.88,8.86,3.48,1.0,8.28,6.0,5,61.2,3,A
8.22,7.54,6.79,2.0,7.9,0.0,13,54.8,2,A
9.74,10.0,8.64,0.0,8.69,6.0,14,72.2,3,A
9.54,3.55,3.19,3.0,7.28,10.0,14,66.4,3,A
7.56,1.98,4.39,1.0,9.29,10.0,2,8.8,2,A
7.64,5.12,2.88,4.0,7.57,10.0,0,33.8,2,A
8.19,19.99,5.31,0.0,7.72,6.0,6,62.4,3,A
8.4,8.23,5.8,5.0,9.41,10.0,15,29.8,3,A
9.22,16.95,9.23,5.0,7.05,10.0,7,44.3,3,A
8.71,12.0,4.76,2.0,7.74,10.0,12,36.3,3,A
8.38,14.01,3.32,3.0,9.2,6.0,15,96.8,3,A
8.57,14.69,5.39,5.0,9.52,0.0,1,56.5,3,A
7.2,13.7,7.88,5.0,7.45,0.0,7,85.0,3,A
8.98,8.09,6.56,3.0,7.05,10.0,15,63.6,3,A
8.51,1.23,5.76,0.0,9.09,6.0,0,97.9,2,A
8.86,18.29,1.96,5.0,7.76,6.0,6,19.1,3,A
7.9,8.54,4.36,0.0,9.48,0.0,7,58.7,2,A
7.17,17.31,7.84,3.0,7.03,0.0,15,41.0,3,A
9.68,17.06,6.8,4.0,9.76,0.0,3,97.8,3,A
9.05,17.49,8.99,4.0,7.84,10.0,2,9.4,3,A
9.26,1.63,9.36,4.0,9.14,6.0,4,96.3,3,A
8.15,6.69,6.08,1.0,9.22,10.0,10,85.7,3,A
8.02,10.52,9.77,1.0,9.31,10.0,2,46.5,3,A
7.68,15.7,1.27,1.0,8.66,6.0,15,99.3,3,A
9.14,13.91,6.95,0.0,7.25,0.0,7,63.8,3,A
7.02,15.89,2.39,4.0,7.92,6.0,2,39.3,2,A
7.31,2.94,1.79,2.0,7.27,10.0,13,57.9,2,A
9.34,12.36,3.92,1.0,9.17,10.0,12,32.7,3,A
7.81,19.59,6.15,4.0,7.81,0.0,4,41.2,3,A
9.83,9.26,4.79,4.0,9.16,6.0,8,12.3,3,A
9.52,4.72,1.96,0.0,8.14,6.0,10,95.1,0,A
7.96,9.18,8.41,0.0,9.84,0.0,9,61.5,3,A
9.9,4.38,4.58,2.0,9.35,6.0,15,74.8,3,A
9.05,16.51,4.54,1.0,8.65,10.0,5,58.6,3,A
9.02,14.46,4.95,0.0,7.42,6.0,13,70.8,3,A
8.75,13.51,7.44,5.0,8.6,10.0,15,12.0,3,A
7.33,1.7,9.72,5.0,7.74,10.0,2,82.2,2,A
9.9,13.29,1.4,4.0,7.99,6.0,12,69.4,3,A
8.34,2.87,3.0,5.0,8.17,10.0,7,58.0,2,A
9.76,10.51,4.1,1.0,7.26,10.0,13,14.9,3,A
7.29,6.93,5.1,2.0,9.17,6.0,15,50.9,2,A
9.03,6.71,8.29,0.0,7.49,10.0,3,85.7,3,A
9.39,4.31,2.44,2.0,8.89,0.0,7,96.1,2,A
8.17,9.21,1.26,2.0,9.11,0.0,13,23.7,2,A
8.1,14.37,8.16,5.0,7.59,0.0,5,81.0,3,A
8.76,17.39,5.75,4.0,8.04,6.0,12,61.7,3,A
9.02,16.46,7.35,5.0,7.94,0.0,2,63.4,3,A
8.72,4.48,7.24,0.0,8.27,6.0,4,44.7,3,A
7.87,14.18,6.81,3.0,7.56,6.0,15,57.7,3,A
9.89,17.44,9.57,3.0,8.52,6.0,12,23.5,3,A
9.39,10.34,7.39,5.0,7.66,0.0,0,20.9,3,A
8.65,11.21,2.51,1.0,7.34,0.0,15,75.5,2,A
8.64,11.32,9.92,3.0,9.97,0.0,14,76.9,3,A
8.05,13.42,3.23,2.0,9.45,6.0,8,8.1,0,A
9.58,3.23,8.31,2.0,8.83,6.0,11,75.1,3,A
8.6,3.65,2.86,4.0,8.79,0.0,11,10.6,2,A
7.41,14.38,3.6,2.0,9.25,6.0,3,86.5,3,A
7.44,19.86,8.8,2.0,7.97,0.0,7,87.3,3,A
8.13,13.85,5.41,1.0,7.23,0.0,13,30.5,0,A
7.98,15.25,7.25,2.0,7.01,10.0,15,48.2,3,A
7.65,19.47,6.71,0.0,8.29,0.0,12,85.8,3,A
9.36,7.13,3.55,5.0,9.68,0.0,15,17.4,2,A
8.32,12.9,8.53,1.0,7.0,6.0,5,93.3,3,A
7.28,14.08,2.19,5.0,8.08,0.0,8,20.1,2,A
8.29,18.17,2.49,0.0,7.27,0.0,7,34.0,0,A
7.02,10.06,2.19,3.0,8.03,0.0,0,69.6,2,A
7.31,9.02,2.19,2.0,8.1,6.0,3,41.4,2,A
7.21,15.7,7.78,0.0,8.69,10.0,4,99.3,3,A
8.85,9.36,7.5,0.0,8.33,0.0,13,19.4,3,A
7.94,2.91,7.77,1.0,7.42,6.0,13,41.5,2,A
9.54,5.72,6.41,3.0,8.98,6.0,0,32.1,3,A
8.48,12.53,2.7,5.0,7.34,6.0,7,66.4,3,A
7.4,2.35,9.0,5.0,9.58,10.0,10,39.3,2,A
7.05,11.38,2.55,2.0,7.2,6.0,2,98.8,2,A
8.27,18.53,9.54,1.0,8.21,10.0,13,32.2,3,A
9.92,12.7,3.5,0.0,7.47,6.0,6,53.6,3,A
9.19,13.05,8.51,0.0,9.54,0.0,13,11.3,3,A
7.36,18.57,2.04,1.0,9.12,10.0,5,10.2,3,A
7.5,10.43,4.12,2.0,7.38,6.0,8,83.1,2,A
7.79,3.24,9.1,0.0,9.93,10.0,2,45.8,3,A
7.47,9.65,4.24,0.0,9.32,10.0,11,58.9,0,A
7.73,3.19,7.67,4.0,8.42,6.0,0,86.6,2,A
7.67,4.4,9.64,2.0,7.74,10.0,13,81.3,3,A
7.54,16.69,6.14,2.0,9.41,0.0,1,69.0,3,A
7.26,2.31,5.19,1.0,8.37,6.0,10,85.3,2,A
9.99,11.71,3.74,2.0,9.33,10.0,15,49.1,3,A
8.62,15.45,3.21,4.0,8.91,10.0,7,44.0,3,A
7.31,19.07,1.01,4.0,8.59,0.0,9,85.7,2,A
9.76,19.26,9.75,0.0,9.69,10.0,1,31.6,4,A
8.91,18.02,5.13,4.0,8.18,10.0,4,60.2,3,A
9.78,9.26,9.68,4.0,8.18,10.0,10,29.8,3,A
7.47,9.6,3.1,2.0,7.49,6.0,3,17.9,2,A
7.8,3.29,4.22,2.0,7.36,0.0,14,47.9,2,A
7.44,6.78,7.34,0.0,9.13,6.0,10,25.4,2,A
9.56,1.93,3.69,0.0,8.67,10.0,12,21.5,2,A
7.39,9.78,8.24,3.0,9.47,6.0,7,6.1,3,A
7.07,18.81,1.76,1.0,7.19,10.0,2,92.2,3,A
9.83,3.45,9.15,1.0,7.15,10.0,1,36.5,3,A
7.64,14.76,5.47,2.0,7.56,6.0,11,45.5,3,A
8.24,3.82,6.53,2.0,8.65,0.0,15,66.5,2,A
8.89,8.28,4.77,2.0,9.41,0.0,7,80.7,3,A
8.17,15.86,4.23,0.0,7.54,6.0,10,51.0,3,A
8.59,1.56,8.3,3.0,9.3,0.0,15,81.8,2,A
9.29,2.9,6.91,5.0,9.84,10.0,1,82.5,3,A
7.71,16.15,4.19,4.0,7.95,10.0,5,85.3,3,A
8.69,18.37,1.25,3.0,7.56,6.0,4,95.0,3,A
8.58,4.34,1.34,3.0,7.0,10.0,0,62.2,2,A
7.18,3.48,7.45,2.0,7.44,10.0,10,85.2,2,A
9.11,15.71,8.62,4.0,8.99,10.0,11,96.3,3,A
8.95,6.73,2.23,0.0,7.52,10.0,15,95.1,3,A
8.14,18.65,8.08,3.0,9.2,6.0,5,61.0,3,A
7.55,14.85,9.54,4.0,7.95,10.0,1,42.2,3,A
8.04,11.75,9.43,2.0,7.96,10.0,7,75.8,3,A
7.03,2.69,7.38,3.0,7.63,10.0,14,89.2,2,A
9.91,5.88,1.97,0.0,9.65,6.0,13,41.7,3,A
7.49,7.67,4.38,1.0,7.22,0.0,7,79.9,2,A
7.48,7.06,9.56,0.0,7.23,0.0,12,21.2,2,A
8.82,19.72,9.04,1.0,8.3,0.0,5,46.0,3,A
8.98,4.91,2.71,5.0,7.89,0.0,8,73.6,2,A
7.26,11.86,8.56,5.0,9.47,10.0,13,39.3,3,A
8.42,4.79,1.23,3.0,7.35,6.0,2,32.7,2,A
9.66,18.0,3.39,3.0,8.11,6.0,11,41.8,3,A
9.26,9.36,3.37,0.0,9.0,0.0,4,58.6,0,A
9.52,16.36,4.73,3.0,9.46,6.0,1,26.6,3,A
7.24,14.05,9.43,3.0,9.71,10.0,9,27.4,3,A
7.36,11.85,5.65,3.0,9.27,0.0,4,98.4,2,A
9.96,4.18,2.91,3.0,8.31,10.0,2,9.1,0,A
8.16,12.31,3.88,2.0,8.19,6.0,2,81.7,3,A
7.34,10.87,9.25,0.0,7.45,10.0,13,71.5,3,A
9.36,15.41,9.46,4.0,9.6,6.0,3,58.5,3,A
7.83,6.02,6.89,3.0,7.43,10.0,5,49.9,0,A
9.24,8.63,4.56,4.0,9.76,6.0,1,70.6,3,A
9.92,16.53,3.73,4.0,7.68,6.0,3,51.7,3,A
7.56,9.42,8.43,3.0,7.63,6.0,2,44.6,0,A
7.2,15.43,8.8,1.0,9.13,6.0,5,54.0,3,A
9.51,17.17,8.91,1.0,7.75,6.0,6,23.3,3,A
8.91,7.85,2.79,0.0,7.37,0.0,12,49.1,2,A
8.03,10.29,5.01,3.0,9.51,6.0,11,50.1,3,A
9.57,14.09,3.57,4.0,8.94,10.0,6,20.5,3,A
8.42,13.38,5.62,2.0,7.4,0.0,0,96.9,3,A
8.27,1.16,3.27,0.0,8.13,6.0,8,34.0,2,A
7.02,5.15,3.72,3.0,10.0,6.0,3,64.2,2,A
9.97,12.28,3.54,2.0,8.92,6.0,10,50.8,3,A
9.7,14.51,9.03,3.0,9.42,10.0,7,19.2,3,A
7.78,7.07,2.26,4.0,8.26,6.0,9,52.3,2,A
9.06,12.08,9.95,4.0,8.91,6.0,7,37.6,3,A
7.88,13.77,5.57,5.0,8.41,10.0,5,84.9,3,A
8.96,16.36,7.87,0.0,7.67,0.0,10,69.6,3,A
8.39,6.83,8.09,0.0,7.35,0.0,9,29.8,2,A
9.6,12.09,9.5,3.0,8.15,6.0,3,89.5,3,A
7.43,17.55,2.36,5.0,9.59,0.0,14,37.6,2,A
8.36,10.26,6.68,1.0,7.63,0.0,0,65.3,2,A
8.9,4.01,8.07,2.0,8.21,6.0,13,17.3,3,A
9.27,1.72,2.79,0.0,8.59,0.0,10,6.3,2,A
7.31,12.91,3.24,5.0,8.51,6.0,4,37.7,2,A
8.3,16.65,3.68,0.0,9.06,0.0,10,74.1,3,A
7.06,18.13,4.23,5.0,7.67,0.0,12,95.1,0,A
8.13,1.42,5.54,0.0,8.92,10.0,1,72.6,2,A
9.07,12.28,1.43,3.0,8.25,6.0,1,84.4,3,A
7.9,5.8,7.32,1.0,8.98,10.0,0,70.1,3,A
7.85,12.83,7.31,5.0,9.35,6.0,3,90.4,3,A
7.89,4.8,3.37,4.0,7.12,6.0,13,24.2,2,A
9.72,14.08,5.33,1.0,9.51,10.0,2,6.2,3,A
8.93,19.04,8.02,0.0,8.37,6.0,8,73.7,3,A
9.4,1.95,8.32,4.0,7.94,10.0,11,86.0,3,A
7.99,17.17,9.01,2.0,9.68,10.0,5,18.1,3,A
9.89,14.93,4.35,2.0,7.82,6.0,12,15.8,3,A
9.09,10.09,4.8,1.0,7.18,0.0,4,20.8,2,A
9.34,18.31,5.34,4.0,8.83,10.0,12,46.6,3,A
8.32,14.82,9.03,3.0,7.19,10.0,13,51.4,3,A
9.93,14.39,7.1,3.0,9.01,6.0,7,59.8,3,A
8.04,14.08,6.56,3.0,9.03,6.0,15,74.0,3,A
8.52,16.7,9.03,3.0,8.41,6.0,5,6.1,3,A
8.52,2.42,5.42,4.0,8.65,6.0,1,97.2,2,A
8.34,5.46,5.13,2.0,7.36,6.0,15,47.6,2,A
9.38,1.34,4.63,3.0,9.89,10.0,2,57.2,3,A
9.48,10.66,2.86,5.0,9.45,6.0,11,95.3,3,A
7.34,15.58,6.4,3.0,9.28,0.0,14,39.5,3,A
9.11,7.75,6.7,4.0,7.14,0.0,11,57.0,3,A
7.56,16.61,7.68,1.0,9.79,6.0,6,29.2,3,A
9.78,16.67,2.72,5.0,9.51,10.0,1,76.9,3,A
7.01,17.94,5.12,3.0,9.21,10.0,15,52.9,3,A
9.08,16.94,5.35,1.0,7.52,0.0,5,92.5,3,A
9.94,13.49,6.46,3.0,9.75,0.0,13,88.7,3,A
8.81,19.31,9.73,4.0,9.66,10.0,13,17.7,3,A
7.6,14.33,8.75,3.0,8.87,6.0,6,93.9,3,A
8.51,18.5,2.19,2.0,9.08,6.0,5,97.6,3,A
9.02,15.45,6.06,4.0,9.68,10.0,13,94.6,3,A
7.16,17.1,8.27,4.0,7.17,6.0,4,7.4,3,A
7.61,4.06,3.58,4.0,8.62,6.0,9,84.7,2,A
7.71,2.95,8.81,3.0,9.35,10.0,12,87.2,3,A
9.9,13.63,9.34,0.0,7.16,10.0,10,95.9,3,A
9.27,12.79,8.03,1.0,8.64,10.0,11,83.8,3,A
7.56,14.77,2.74,5.0,7.52,10.0,2,98.4,3,A
7.02,1.77,3.51,4.0,8.4,0.0,8,20.3,2,A
8.47,18.64,6.37,5.0,8.72,6.0,9,64.4,3,A
8.25,14.45,5.73,5.0,8.61,0.0,5,54.5,3,A
9.99,17.78,6.97,1.0,9.47,10.0,15,32.9,3,A
9.88,13.71,5.01,0.0,9.05,6.0,7,63.3,3,A
9.73,16.13,2.02,5.0,9.47,6.0,0,73.8,3,A
8.54,10.67,5.38,2.0,9.84,0.0,10,66.9,3,A
9.59,15.69,5.8,1.0,8.27,0.0,6,25.0,3,A
9.24,16.75,8.91,1.0,7.46,6.0,2,46.3,3,A
8.72,1.72,1.66,4.0,7.68,6.0,2,28.9,2,A
8.6,9.57,4.64,5.0,8.92,10.0,3,42.0,3,A
7.87,15.17,1.41,0.0,9.06,10.0,3,39.0,3,A
7.47,15.54,4.94,0.0,7.66,10.0,15,67.8,3,A
9.87,16.15,5.91,0.0,7.03,10.0,11,18.7,3,A
7.91,1.79,6.15,3.0,9.24,10.0,2,57.0,2,A
8.85,8.84,6.81,5.0,7.76,0.0,7,20.3,0,A
8.93,16.19,8.67,1.0,7.22,10.0,14,93.6,3,A
9.01,2.87,7.53,0.0,7.7,6.0,4,36.4,0,A
9.08,18.1,3.86,3.0,7.46,10.0,9,63.6,3,A
9.14,7.01,4.85,1.0,8.92,6.0,7,28.4,3,A
9.32,3.55,7.6,3.0,8.46,0.0,11,49.0,3,A
7.79,12.53,8.58,2.0,9.66,0.0,6,18.3,3,A
9.31,17.95,8.65,3.0,7.64,0.0,12,82.2,3,A
8.18,11.33,9.99,5.0,9.67,10.0,11,78.6,3,A
8.99,6.53,5.18,2.0,9.54,10.0,0,42.7,3,A
9.21,15.39,2.26,4.0,8.45,6.0,4,58.8,3,A
8.55,15.47,3.09,2.0,9.37,6.0,6,27.2,3,A
9.5,9.64,1.42,4.0,7.79,10.0,8,35.8,3,A
8.55,8.16,4.41,0.0,8.13,0.0,2,90.3,2,A
8.51,7.71,8.81,0.0,7.42,0.0,0,50.8,2,A
8.98,10.78,3.53,3.0,8.24,6.0,3,19.9,3,A
7.07,10.15,5.31,1.0,7.13,10.0,13,20.3,2,A
7.77,3.56,5.61,4.0,7.54,6.0,5,19.0,2,A
9.84,11.71,1.17,2.0,7.65,10.0,9,67.9,3,A
8.87,17.48,2.54,2.0,8.53,0.0,5,62.1,3,A
7.4,7.51,5.08,2.0,7.05,10.0,12,26.8,2,A
9.7,10.58,4.78,3.0,8.8,10.0,15,14.1,3,A
9.69,3.23,5.34,4.0,9.32,10.0,0,62.3,3,A
9.37,8.99,8.87,1.0,8.14,10.0,15,45.8,3,A
8.43,18.25,8.53,3.0,7.7,0.0,8,45.4,3,A
8.73,17.66,4.68,1.0,7.35,0.0,0,72.4,3,A
8.95,4.9,8.24,2.0,7.76,10.0,13,15.1,3,A
8.66,7.95,3.48,2.0,8.67,0.0,13,76.7,2,A
9.21,11.54,3.28,5.0,9.56,10.0,12,37.7,3,A
9.36,5.37,8.05,2.0,9.4,10.0,12,14.5,3,A
9.47,14.43,2.45,4.0,8.42,10.0,2,5.5,3,A
9.79,2.22,3.0,3.0,8.2,10.0,12,8.6,2,A
8.32,14.52,6.38,1.0,7.61,10.0,15,82.9,3,A
8.85,10.84,2.75,5.0,9.02,6.0,7,53.5,3,A
9.01,1.01,2.42,1.0,8.22,0.0,11,79.1,2,A
8.04,15.0,1.62,2.0,9.45,0.0,11,32.0,2,A
8.52,4.7,9.37,4.0,8.68,10.0,13,29.8,3,A
9.08,18.99,8.23,3.0,9.9,10.0,8,88.2,0,A
8.45,5.62,4.06,1.0,7.77,6.0,0,69.8,2,A
8.55,19.89,7.09,1.0,7.03,6.0,11,35.0,3,A
8.43,2.77,7.06,0.0,8.06,10.0,5,12.2,2,A
7.7,19.0,7.15,0.0,7.73,6.0,6,52.4,3,A
7.36,4.85,3.25,0.0,7.24,10.0,3,19.8,2,A
8.86,1.13,8.71,0.0,8.48,10.0,11,85.6,3,A
9.25,10.33,9.86,0.0,7.38,10.0,7,31.6,3,A
8.37,10.09,5.87,5.0,7.36,10.0,5,42.4,3,A
8.08,14.1,1.11,5.0,9.59,0.0,10,60.2,2,A
8.27,5.51,5.24,1.0,8.26,6.0,15,39.8,2,A
9.44,8.61,5.06,4.0,9.16,0.0,7,98.0,3,A
9.42,17.27,2.76,2.0,7.53,6.0,15,75.2,3,A
7.9,17.97,6.68,4.0,8.69,10.0,15,35.0,3,A
8.35,2.88,2.47,3.0,8.0,6.0,3,29.2,2,A
9.6,11.59,8.29,4.0,9.89,0.0,11,44.1,3,A
9.02,13.35,5.85,3.0,8.46,10.0,10,32.0,3,A
8.92,2.49,6.52,0.0,9.79,6.0,5,95.9,3,A
7.94,11.86,8.64,4.0,8.96,10.0,7,20.4,3,A
9.24,13.25,3.44,1.0,8.56,6.0,11,87.0,3,A
7.63,4.49,1.21,1.0,8.19,0.0,2,67.9,2,A
7.31,17.7,5.94,0.0,8.85,0.0,2,42.7,3,A
7.39,17.82,3.78,3.0,9.52,0.0,4,32.0,2,A
8.65,7.78,9.24,1.0,7.41,10.0,8,49.4,3,A
8.57,12.23,5.11,3.0,8.92,6.0,13,88.3,3,A
7.78,10.15,3.04,5.0,7.91,0.0,13,34.2,2,A
9.84,15.41,2.23,4.0,8.43,0.0,15,55.8,3,A
8.24,16.16,6.37,3.0,8.68,6.0,6,57.1,3,A
8.27,14.58,6.81,3.0,7.72,10.0,2,26.0,3,A
7.56,14.01,3.56,2.0,7.21,0.0,13,81.8,2,A
7.96,13.1,6.56,3.0,7.46,10.0,6,64.2,3,A
7.7,19.47,3.54,1.0,7.45,6.0,0,46.6,3,A
7.99,8.98,8.07,2.0,9.53,0.0,1,40.3,2,A
9.45,15.74,1.64,0.0,9.48,0.0,8,23.3,3,A
7.6,14.58,4.46,1.0,9.21,0.0,1,28.5,2,A
7.48,19.66,5.26,5.0,9.18,10.0,10,34.7,3,A
9.59,10.9,3.28,1.0,7.65,0.0,1,23.9,2,A
9.37,9.25,1.14,0.0,7.03,0.0,12,60.5,2,A
7.47,14.12,7.2,0.0,7.27,10.0,7,78.2,3,A
9.1,19.42,7.84,4.0,9.37,0.0,4,38.8,3,A
9.2,7.02,6.03,5.0,7.06,6.0,14,38.0,3,A
8.63,3.56,9.09,0.0,8.47,10.0,9,46.6,3,A
7.21,7.61,7.59,3.0,7.47,6.0,5,84.0,2,A
9.65,11.29,5.09,1.0,8.86,6.0,5,53.1,3,A
7.57,5.54,7.49,4.0,9.05,10.0,12,56.2,3,A
7.13,6.38,4.69,3.0,9.81,0.0,2,14.1,2,A
8.97,4.84,5.37,3.0,8.58,10.0,12,59.2,3,A
8.97,1.93,2.99,3.0,9.79,0.0,6,6.2,2,A
9.38,13.14,4.25,3.0,7.17,10.0,11,89.6,3,A
7.3,1.77,1.63,1.0,7.69,6.0,3,94.7,2,A
9.24,11.0,3.24,0.0,9.3,10.0,13,22.0,3,A
8.65,9.72,6.99,5.0,8.51,10.0,5,20.8,3,A
9.53,19.97,4.99,1.0,8.24,10.0,10,34.9,3,A
8.08,14.79,6.48,5.0,8.36,6.0,8,25.3,3,A
7.02,1.66,3.56,3.0,9.95,0.0,9,17.8,2,A
7.28,1.41,8.4,5.0,8.38,0.0,4,31.2,2,A
8.71,7.97,6.24,2.0,8.71,0.0,2,82.1,0,A
8.79,14.75,8.14,0.0,7.9,10.0,3,83.4,3,A
8.25,8.25,8.02,0.0,9.6,0.0,13,36.8,3,A
7.91,17.14,9.36,3.0,7.12,10.0,1,65.1,3,A
9.91,7.21,7.28,5.0,9.26,10.0,12,69.0,3,A
8.43,5.22,3.61,0.0,9.24,10.0,2,17.6,2,A
8.44,2.62,5.52,0.0,7.59,6.0,4,17.4,2,A
7.8,4.73,6.54,2.0,8.29,10.0,2,28.4,2,A
8.03,2.7,7.05,1.0,8.97,6.0,10,38.1,2,A
7.13,7.64,8.39,4.0,9.45,0.0,14,64.2,2,A
9.85,3.96,7.56,2.0,9.78,6.0,7,75.3,3,A
9.22,14.18,2.0,4.0,7.64,10.0,6,7.2,3,A
8.13,5.91,5.35,0.0,9.72,10.0,0,18.4,2,A
8.39,4.24,3.56,5.0,9.84,0.0,1,63.7,2,A
7.88,6.15,8.67,2.0,9.65,6.0,0,87.1,3,A
7.56,8.23,9.79,3.0,8.5,6.0,2,35.0,3,A
8.18,14.54,1.36,3.0,7.47,6.0,15,34.0,2,A
9.44,7.75,3.72,3.0,8.88,6.0,8,98.0,3,A
8.03,16.48,1.27,5.0,8.18,0.0,4,31.6,2,A
8.25,8.26,9.65,5.0,8.72,6.0,7,64.4,3,A
8.74,18.28,3.96,5.0,9.05,0.0,4,24.6,3,A
8.97,6.87,7.35,4.0,8.69,0.0,4,17.8,0,A
9.18,11.59,9.54,0.0,9.3,6.0,4,35.2,3,A
7.46,6.76,7.71,0.0,7.56,0.0,8,65.5,2,A
8.79,15.49,6.51,5.0,7.69,0.0,7,58.9,3,A
7.55,14.07,5.29,1.0,8.16,6.0,11,62.4,3,A
9.85,4.67,1.29,2.0,7.67,10.0,8,6.4,2,A
9.06,15.4,1.6,0.0,9.6,0.0,15,98.6,3,A
8.83,15.75,6.47,0.0,9.23,10.0,12,73.4,3,A
9.48,13.19,7.34,1.0,7.13,0.0,14,15.4,3,A
7.57,8.52,7.62,2.0,8.32,6.0,1,54.0,2,A
8.39,6.43,2.5,2.0,8.94,0.0,4,92.3,2,A
8.18,3.15,8.01,1.0,7.97,0.0,4,71.1,2,A
7.97,12.22,7.41,3.0,8.95,10.0,8,48.2,3,A
7.26,14.65,2.11,1.0,9.12,10.0,11,47.7,0,A
9.74,10.72,9.55,4.0,8.7,10.0,5,41.2,3,A
7.93,4.08,2.3,1.0,9.31,6.0,9,9.9,2,A
7.04,4.43,9.09,5.0,8.49,6.0,8,5.3,2,A
8.36,1.11,8.94,2.0,8.33,10.0,15,60.9,3,A
7.15,5.65,5.93,5.0,7.44,10.0,6,58.0,2,A
9.76,3.76,1.29,2.0,7.15,6.0,10,62.3,2,A
9.9,4.07,3.56,3.0,9.25,6.0,5,71.5,3,A
9.28,2.77,3.69,5.0,9.53,0.0,2,41.0,2,A
9.09,3.56,7.25,2.0,8.84,0.0,6,55.1,0,A
8.28,19.61,5.76,4.0,9.54,6.0,9,73.8,3,A
8.48,19.91,4.18,5.0,7.54,10.0,15,58.5,3,A
9.21,6.52,2.74,3.0,7.62,10.0,3,49.2,0,A
8.92,8.87,4.0,3.0,9.07,6.0,0,65.6,3,A
8.02,6.85,5.56,0.0,9.17,10.0,10,5.6,2,A
9.75,16.81,2.75,4.0,9.39,10.0,15,92.6,3,A
9.35,3.95,5.15,3.0,8.24,10.0,14,90.1,3,A
7.62,10.9,6.08,3.0,9.06,6.0,0,57.7,0,A
8.71,3.84,8.57,4.0,8.17,10.0,5,40.6,3,A
8.24,15.86,3.77,0.0,8.49,0.0,8,72.4,3,A
9.35,16.76,3.72,5.0,9.33,0.0,11,21.6,3,A
9.2,1.47,5.34,2.0,8.57,6.0,15,23.1,2,A
7.62,17.56,8.4,5.0,7.11,6.0,4,69.3,3,A
8.0,10.92,1.04,2.0,9.67,0.0,2,70.3,2,A
7.96,13.52,3.81,1.0,7.58,6.0,6,34.7,0,A
7.05,15.68,7.04,3.0,8.87,10.0,3,20.0,3,A
8.72,11.31,5.94,0.0,7.51,6.0,9,94.6,3,A
7.32,7.44,4.99,5.0,7.16,6.0,1,49.7,2,A
8.85,14.39,9.02,3.0,7.94,0.0,14,70.6,3,A
8.7,13.75,5.8,2.0,7.28,10.0,14,76.8,3,A
9.84,9.66,7.16,2.0,7.43,10.0,7,49.2,3,A
8.36,7.91,2.65,3.0,7.09,6.0,10,36.4,2,A
8.52,10.09,8.61,5.0,8.22,10.0,4,38.1,3,A
2.09,3.49,2.3,2.0,4.63,0.0,3,68.8,1,B
1.88,1.29,4.35,4.0,8.52,0.0,13,57.0,1,B
3.2,3.99,2.38,1.0,1.61,0.0,4,84.3,1,B
3.44,2.48,4.39,5.0,0.49,0.0,1,10.8,1,B
0.83,4.11,1.93,3.0,8.56,0.0,1,60.5,0,B
0.94,1.4,3.98,1.0,5.29,0.0,5,71.6,0,B
3.89,3.76,3.41,4.0,7.28,0.0,2,68.8,1,B
2.16,3.07,8.01,5.0,9.55,0.0,1,72.9,1,B
0.88,3.68,6.8,5.0,8.74,0.0,9,74.5,1,B
0.94,1.09,1.02,3.0,9.04,0.0,3,97.8,0,B
3.78,4.52,8.03,3.0,1.19,0.0,8,55.6,1,B
3.47,4.36,4.47,1.0,7.12,0.0,6,13.8,1,B
1.89,1.26,4.63,5.0,5.94,0.0,10,43.8,1,B
3.86,2.11,2.69,3.0,7.38,0.0,7,9.9,1,B
2.25,1.48,4.45,5.0,9.9,0.0,14,26.4,1,B
2.53,2.32,8.62,1.0,8.88,0.0,3,52.8,1,B
2.48,3.08,2.39,5.0,0.06,0.0,3,71.4,0,B
2.39,1.76,2.68,0.0,1.16,0.0,4,34.7,0,B
2.19,2.7,1.82,3.0,4.79,0.0,2,93.9,1,B
1.55,3.4,2.87,4.0,9.7,0.0,14,19.3,1,B
3.03,3.59,7.77,0.0,5.49,0.0,13,85.3,1,B
2.76,4.99,9.38,2.0,6.39,0.0,0,82.9,1,B
2.64,4.65,7.93,0.0,6.53,0.0,6,22.9,1,B
2.1,4.47,5.37,0.0,4.62,0.0,10,33.2,1,B
2.94,3.24,3.89,4.0,3.33,0.0,12,14.6,1,B
1.34,3.97,3.13,1.0,4.63,0.0,13,40.6,0,B
0.99,4.44,2.63,3.0,8.86,0.0,6,79.9,1,B
3.7,1.93,7.41,5.0,1.9,0.0,12,91.0,1,B
1.58,4.79,8.57,2.0,5.15,0.0,13,17.7,1,B
2.71,3.81,7.24,3.0,3.93,0.0,14,40.7,1,B
1.51,4.33,1.08,3.0,7.18,0.0,2,50.7,0,B
1.76,1.41,7.13,5.0,5.44,0.0,5,50.5,1,B
1.22,5.28,9.02,0.0,8.35,0.0,11,22.6,1,B
2.65,2.22,6.71,2.0,0.83,0.0,6,90.0,1,B
1.41,2.99,2.0,1.0,3.04,0.0,7,11.9,0,B
2.82,3.3,7.41,4.0,4.91,0.0,13,59.5,1,B
2.33,5.1,4.93,1.0,8.33,0.0,0,51.1,1,B
2.12,1.61,2.61,4.0,8.67,0.0,2,12.2,1,B
2.24,5.88,7.22,0.0,5.03,0.0,7,54.8,1,B
2.79,5.35,4.52,2.0,1.29,0.0,2,91.8,1,B
3.34,5.96,7.62,3.0,1.03,0.0,13,57.8,1,B
2.03,4.66,3.89,3.0,2.83,0.0,0,45.4,1,B
0.59,3.25,1.18,4.0,2.71,0.0,9,85.2,0,B
1.74,4.97,4.58,0.0,7.83,0.0,2,76.7,1,B
2.24,3.52,3.98,2.0,5.7,0.0,3,31.8,1,B
1.4,4.13,4.82,5.0,4.79,0.0,8,26.1,1,B
3.14,5.51,3.6,3.0,7.97,0.0,14,63.7,1,B
0.57,4.83,6.95,3.0,8.36,0.0,1,79.2,1,B
3.72,3.9,4.15,5.0,6.24,0.0,14,35.4,1,B
2.48,3.51,6.01,1.0,3.03,0.0,0,73.8,1,B
1.4,4.27,8.84,0.0,8.91,0.0,10,16.4,1,B
3.77,1.46,3.4,4.0,1.72,0.0,1,46.9,1,B
1.8,3.24,6.37,4.0,5.27,0.0,2,65.8,1,B
0.95,3.08,9.34,3.0,5.91,0.0,4,76.9,1,B
1.6,5.68,2.35,2.0,9.94,0.0,11,61.5,1,B
3.04,5.14,3.2,1.0,1.84,0.0,2,66.6,1,B
1.2,3.75,4.43,0.0,9.21,0.0,7,54.8,1,B
1.51,5.68,3.06,3.0,2.39,0.0,2,26.9,0,B
1.24,1.05,2.12,1.0,0.41,0.0,10,32.5,0,B
1.9,1.62,6.14,4.0,9.13,0.0,15,10.5,1,B
0.79,3.63,9.35,2.0,7.31,0.0,11,59.1,1,B
2.68,5.2,1.25,1.0,0.96,0.0,15,26.6,1,B
3.88,2.21,4.18,2.0,3.75,0.0,13,94.8,1,B
1.23,2.92,5.22,0.0,8.81,0.0,1,76.9,1,B
3.63,5.66,9.79,1.0,1.64,0.0,2,84.3,1,B
2.18,1.88,6.87,5.0,5.54,0.0,5,43.4,1,B
2.46,4.18,8.1,0.0,8.35,0.0,9,44.3,1,B
3.06,5.34,9.09,5.0,2.27,0.0,12,88.0,1,B
3.79,2.8,5.78,0.0,6.08,0.0,9,14.6,1,B
3.98,1.8,5.16,1.0,4.42,0.0,0,62.2,1,B
2.31,2.88,1.22,4.0,3.03,0.0,5,15.4,0,B
0.82,2.22,9.63,3.0,1.51,0.0,6,63.9,1,B
1.58,1.06,1.84,1.0,8.28,0.0,15,34.4,0,B
3.86,4.46,8.43,0.0,0.01,0.0,2,33.3,1,B
3.66,1.61,6.97,2.0,2.79,0.0,6,44.2,1,B
0.65,1.4,6.5,1.0,4.56,0.0,10,54.5,0,B
3.04,4.04,4.0,5.0,6.11,0.0,12,31.2,1,B
0.72,3.07,5.06,1.0,4.29,0.0,3,66.4,0,B
1.86,1.88,4.64,1.0,8.34,0.0,11,61.3,1,B
2.1,4.77,2.05,5.0,7.63,0.0,0,9.5,1,B
0.93,1.3,9.04,2.0,1.41,0.0,9,72.6,1,B
2.77,2.17,3.04,3.0,8.34,0.0,8,66.8,1,B
3.5,2.58,5.23,5.0,0.11,0.0,6,23.0,1,B
3.01,2.51,1.17,1.0,2.82,0.0,12,52.8,1,B
1.77,4.95,3.68,5.0,1.33,0.0,11,26.2,0,B
2.25,4.73,5.02,4.0,6.79,0.0,8,51.7,1,B
2.54,3.09,6.76,5.0,2.94,0.0,0,53.5,1,B
2.7,2.1,1.89,2.0,1.73,0.0,11,52.3,1,B
2.99,5.49,4.14,0.0,8.79,0.0,2,69.7,1,B
3.43,1.23,8.04,3.0,5.25,0.0,10,21.2,1,B
2.61,4.57,6.1,3.0,0.83,0.0,8,13.5,1,B
2.49,5.82,6.63,3.0,6.96,0.0,13,84.6,1,B
1.02,1.09,9.96,2.0,5.13,0.0,12,61.6,1,B
3.51,4.1,2.47,4.0,5.88,0.0,14,55.2,1,B
2.76,2.52,1.24,1.0,5.47,0.0,9,20.3,1,B
3.6,3.68,4.74,3.0,2.48,0.0,8,86.5,1,B
1.47,5.88,5.9,1.0,3.82,0.0,11,14.0,1,B
0.84,1.64,6.68,1.0,7.0,0.0,9,93.4,1,B
3.96,5.21,5.11,0.0,9.76,0.0,14,88.0,0,B
1.05,2.44,1.31,4.0,5.44,0.0,13,37.4,0,B
3.75,3.92,5.81,2.0,3.27,0.0,0,70.2,1,B
0.81,2.07,4.85,4.0,4.93,0.0,12,67.4,0,B
0.5,3.1,1.55,4.0,7.01,0.0,14,88.2,0,B
2.86,1.19,6.32,0.0,0.73,0.0,2,35.0,1,B
1.63,3.11,6.98,1.0,2.93,0.0,9,45.9,1,B
0.96,4.67,6.21,3.0,3.4,0.0,8,13.5,1,B
3.17,5.42,1.3,3.0,2.4,0.0,4,87.7,1,B
0.89,2.51,5.61,5.0,0.99,0.0,1,80.6,0,B
0.56,4.66,2.68,0.0,1.25,0.0,13,74.9,0,B
2.82,3.2,4.76,5.0,1.35,0.0,7,81.7,1,B
2.19,1.39,5.73,0.0,5.19,0.0,8,43.8,1,B
3.9,2.15,1.16,3.0,0.03,0.0,10,97.7,1,B
2.88,4.7,3.49,2.0,8.03,0.0,3,29.3,1,B
0.78,4.39,5.46,2.0,7.35,0.0,1,75.9,1,B
1.5,4.84,6.37,4.0,3.07,0.0,7,38.8,1,B
0.66,4.02,2.28,4.0,0.06,0.0,12,96.3,0,B
1.57,5.25,3.38,0.0,8.83,0.0,4,77.6,1,B
1.02,3.81,7.12,5.0,6.4,0.0,6,73.3,1,B
0.61,5.45,2.58,2.0,3.14,0.0,1,43.8,0,B
2.99,5.53,3.93,3.0,9.47,0.0,2,95.5,1,B
3.25,5.65,3.78,2.0,6.11,0.0,4,38.3,1,B
0.57,3.27,2.52,0.0,3.41,0.0,1,60.6,0,B
3.6,2.75,5.9,3.0,4.59,0.0,10,45.0,1,B
0.65,4.68,1.04,3.0,6.46,0.0,14,47.3,0,B
3.04,4.3,3.49,2.0,0.11,0.0,11,91.2,1,B
3.13,5.23,7.62,5.0,8.36,0.0,5,47.7,1,B
1.22,1.27,1.43,5.0,8.82,0.0,15,21.6,0,B
2.27,2.99,6.71,3.0,8.31,0.0,10,85.1,1,B
1.67,3.72,9.44,0.0,4.95,0.0,12,58.0,1,B
0.78,1.71,6.81,4.0,5.22,0.0,11,97.2,1,B
2.36,1.57,3.34,4.0,8.06,0.0,11,94.3,1,B
2.73,3.89,6.36,3.0,6.41,0.0,10,9.4,1,B
3.67,5.13,7.53,4.0,1.84,0.0,9,64.3,1,B
1.17,4.79,8.68,2.0,0.37,0.0,6,65.8,1,B
3.36,4.3,6.2,5.0,4.57,0.0,4,58.8,1,B
1.83,5.05,4.99,5.0,6.71,0.0,0,88.1,1,B
1.0,4.12,5.6,5.0,3.55,0.0,5,80.2,1,B
2.84,5.45,1.89,0.0,1.39,0.0,8,37.6,1,B
3.65,1.83,2.14,2.0,1.11,0.0,12,10.0,1,B
3.23,1.92,1.41,2.0,5.02,0.0,7,92.1,1,B
3.43,5.58,4.96,4.0,3.46,0.0,11,75.1,1,B
2.38,4.39,8.65,3.0,1.45,0.0,14,55.0,1,B
2.05,1.04,2.48,5.0,3.34,0.0,10,86.0,1,B
2.71,3.07,7.19,3.0,6.01,0.0,5,68.5,1,B
2.98,4.84,7.13,4.0,7.46,0.0,7,43.8,1,B
3.33,5.25,1.61,5.0,4.06,0.0,3,50.0,1,B
3.21,5.4,9.95,0.0,9.4,0.0,8,96.4,2,B
1.59,1.33,9.53,2.0,3.97,0.0,6,37.4,1,B
2.54,2.82,6.82,3.0,2.06,0.0,12,49.6,1,B
1.51,4.48,9.41,0.0,2.45,0.0,3,44.8,1,B
1.82,1.46,6.08,3.0,7.78,0.0,8,17.7,1,B
2.43,4.5,5.21,4.0,2.85,0.0,9,24.2,1,B
2.88,2.97,8.68,5.0,9.39,0.0,3,84.0,1,B
2.33,2.99,3.0,5.0,3.46,0.0,15,85.5,1,B
1.06,1.73,8.27,2.0,8.72,0.0,12,31.2,1,B
3.16,2.69,8.73,0.0,3.58,0.0,11,41.0,1,B
3.54,1.61,7.75,0.0,0.84,0.0,3,48.9,1,B
3.5,3.39,8.3,4.0,4.71,0.0,3,50.9,1,B
1.17,2.47,2.0,3.0,0.98,0.0,12,86.8,0,B
3.98,5.2,1.79,2.0,0.91,0.0,13,13.3,1,B
0.56,1.15,5.02,3.0,2.06,0.0,3,85.5,0,B
3.16,4.1,6.62,3.0,0.24,0.0,15,94.3,1,B
1.25,5.75,9.99,3.0,5.92,0.0,5,50.0,1,B
0.51,5.41,6.15,1.0,2.79,0.0,14,33.5,0,B
2.38,5.2,4.43,5.0,1.54,0.0,1,77.8,1,B
1.46,5.59,2.85,3.0,8.46,0.0,9,92.8,1,B
2.07,5.86,3.97,1.0,8.75,0.0,14,84.1,1,B
3.26,5.28,1.32,4.0,0.03,0.0,5,11.5,1,B
1.27,3.81,9.25,2.0,5.06,0.0,7,80.8,1,B
2.73,1.72,5.06,3.0,6.28,0.0,6,56.6,1,B
2.85,1.9,4.61,5.0,9.12,0.0,4,38.5,1,B
3.62,4.98,2.44,1.0,2.01,0.0,0,42.1,1,B
3.18,4.71,8.56,3.0,1.3,0.0,6,76.9,1,B
1.03,1.83,9.1,1.0,9.94,0.0,4,38.3,1,B
1.07,3.97,4.84,4.0,4.2,0.0,3,9.4,0,B
1.65,5.06,9.59,4.0,2.6,0.0,12,85.7,1,B
2.45,5.43,2.99,4.0,4.01,0.0,13,88.2,1,B
1.27,1.69,9.02,1.0,5.43,0.0,11,7.7,1,B
1.97,3.16,2.5,3.0,5.7,0.0,7,22.2,1,B
2.26,1.18,5.43,0.0,9.1,0.0,10,76.7,1,B
1.44,4.43,5.2,4.0,9.53,0.0,6,30.7,1,B
3.83,2.06,3.67,3.0,3.49,0.0,11,22.0,1,B
2.67,2.58,1.1,2.0,9.68,0.0,2,80.9,1,B
3.11,5.68,8.44,3.0,7.62,0.0,13,59.6,1,B
3.98,5.62,2.54,5.0,4.92,0.0,5,41.0,1,B
3.67,5.13,2.87,1.0,8.48,0.0,15,94.3,1,B
3.32,4.73,1.71,3.0,7.79,0.0,6,59.3,1,B
2.7,4.63,6.04,3.0,6.18,0.0,11,62.1,1,B
3.65,1.97,1.74,3.0,5.77,0.0,12,62.8,1,B
1.06,4.19,8.73,4.0,4.88,0.0,3,13.9,1,B
3.81,2.59,8.92,0.0,4.67,0.0,10,13.4,1,B
2.6,3.69,1.09,1.0,9.99,0.0,2,64.9,1,B
1.58,2.75,8.41,5.0,6.07,0.0,3,52.3,1,B
2.31,4.2,9.35,2.0,9.36,0.0,8,42.8,1,B
0.51,5.61,1.33,4.0,9.77,0.0,14,74.6,1,B
0.98,5.94,9.83,3.0,4.38,0.0,3,21.8,1,B
0.5,3.23,2.41,4.0,8.36,0.0,12,32.6,0,B
2.93,3.62,5.47,3.0,5.34,0.0,15,14.3,1,B
3.57,2.63,2.72,5.0,0.83,0.0,15,58.8,1,B
3.46,4.59,3.61,5.0,7.13,0.0,4,60.6,1,B
3.63,2.52,3.82,3.0,8.43,0.0,1,33.4,1,B
3.0,1.54,6.13,0.0,0.83,0.0,0,9.6,1,B
1.04,3.43,6.41,1.0,5.83,0.0,2,62.9,1,B
2.16,1.27,4.08,5.0,8.44,0.0,8,24.6,1,B
2.09,2.79,7.24,4.0,9.59,0.0,10,33.7,1,B
1.43,4.85,8.69,3.0,9.98,0.0,1,21.5,1,B
1.44,1.94,5.98,1.0,7.0,0.0,1,91.9,1,B
2.0,2.27,6.66,3.0,4.33,0.0,12,8.2,1,B
2.76,1.75,5.22,2.0,7.66,0.0,12,37.2,1,B
2.74,5.03,3.45,2.0,7.64,0.0,3,81.1,1,B
3.74,4.05,2.88,4.0,6.62,0.0,9,99.0,1,B
1.38,4.76,3.87,5.0,6.85,0.0,7,72.5,1,B
1.64,5.22,3.76,4.0,4.91,0.0,14,78.9,1,B
3.24,2.66,9.18,3.0,0.53,0.0,9,62.2,1,B
3.01,5.03,5.06,1.0,2.93,0.0,10,15.5,1,B
2.67,2.84,3.09,4.0,1.03,0.0,3,80.5,1,B
3.14,2.16,3.82,1.0,5.91,0.0,9,10.5,1,B
3.7,3.94,4.42,3.0,2.91,0.0,4,99.2,1,B
2.29,3.76,2.57,0.0,9.16,0.0,3,38.3,1,B
2.3,1.36,6.89,2.0,8.92,0.0,14,61.2,1,B
3.39,1.97,5.73,5.0,4.02,0.0,2,92.6,1,B
0.9,5.82,8.53,0.0,7.98,0.0,13,12.7,1,B
2.37,4.97,2.69,4.0,9.69,0.0,11,14.0,1,B
3.47,4.15,1.44,2.0,3.63,0.0,12,52.0,1,B
0.62,3.07,2.48,5.0,8.11,0.0,10,24.7,0,B
2.11,5.45,9.18,1.0,2.66,0.0,5,61.9,1,B
3.51,1.01,4.26,4.0,8.47,0.0,4,17.4,1,B
2.92,4.58,1.89,5.0,9.83,0.0,6,47.4,1,B
3.99,5.11,2.07,2.0,6.07,0.0,5,17.3,1,B
1.39,3.06,5.92,2.0,6.52,0.0,0,74.7,1,B
2.19,3.27,1.54,2.0,1.36,0.0,6,66.2,0,B
2.16,3.38,4.79,0.0,2.4,0.0,12,37.6,1,B
2.5,4.57,5.03,5.0,0.51,0.0,5,19.6,1,B
1.08,1.87,9.11,2.0,2.41,0.0,11,52.5,1,B
1.57,4.22,1.57,5.0,3.38,0.0,15,62.7,0,B
2.74,1.96,4.59,1.0,5.71,0.0,11,35.5,1,B
2.7,2.1,9.85,4.0,2.52,0.0,11,43.7,1,B
3.03,1.08,6.23,4.0,8.25,0.0,9,38.6,1,B
3.07,1.69,9.13,0.0,0.5,0.0,9,95.6,1,B
0.86,3.81,2.02,4.0,3.66,0.0,13,69.6,0,B
1.37,5.62,3.91,0.0,1.26,0.0,6,65.5,1,B
3.71,2.13,6.8,4.0,2.06,0.0,10,65.8,1,B
2.02,4.56,5.64,1.0,9.79,0.0,5,47.5,1,B
2.34,1.93,3.57,3.0,3.79,0.0,6,64.6,1,B
0.63,5.11,7.05,5.0,6.69,0.0,7,10.5,1,B
3.37,3.99,2.39,3.0,1.35,0.0,15,6.0,1,B
3.81,2.27,3.04,0.0,4.14,0.0,11,23.2,1,B
1.87,3.2,5.39,3.0,4.25,0.0,5,74.9,1,B
3.19,5.51,8.1,4.0,7.94,0.0,11,56.6,1,B
1.65,3.37,5.63,4.0,4.89,0.0,14,68.8,1,B
1.76,5.3,1.38,4.0,6.33,0.0,9,28.5,1,B
3.13,1.68,5.21,2.0,3.19,0.0,9,78.5,1,B
3.76,3.61,2.11,4.0,7.24,0.0,7,7.1,1,B
2.73,1.29,3.7,1.0,9.04,0.0,1,96.3,1,B
2.75,2.07,1.88,2.0,3.01,0.0,12,68.1,1,B
3.55,4.91,8.57,1.0,1.98,0.0,14,14.1,1,B
2.3,2.41,4.3,0.0,0.2,0.0,5,98.0,1,B
0.99,2.87,9.14,0.0,1.83,0.0,2,95.1,1,B
2.38,2.11,4.66,3.0,4.08,0.0,10,97.5,1,B
1.04,1.22,8.51,4.0,3.41,0.0,8,45.5,1,B
0.79,4.66,3.0,4.0,5.54,0.0,13,47.5,0,B
0.96,1.34,7.67,1.0,1.51,0.0,5,82.7,1,B
1.75,3.14,1.45,4.0,6.88,0.0,8,74.7,1,B
3.0,2.13,1.23,4.0,5.51,0.0,1,90.0,1,B
1.29,5.55,3.03,1.0,8.27,0.0,5,37.1,1,B
1.85,3.22,9.27,5.0,2.08,0.0,3,44.7,1,B
2.56,5.66,1.87,0.0,7.12,0.0,13,60.4,1,B
1.49,1.24,1.54,4.0,2.89,0.0,3,54.7,0,B
3.48,2.53,4.78,3.0,0.12,0.0,6,43.1,1,B
2.76,1.7,9.82,5.0,8.92,0.0,4,13.6,1,B
2.72,3.52,8.48,1.0,1.58,0.0,7,55.4,1,B
1.68,2.85,2.82,5.0,7.61,0.0,7,74.3,1,B
3.18,2.87,1.16,5.0,0.85,0.0,13,20.2,0,B
0.66,4.1,3.25,5.0,8.15,0.0,11,61.8,1,B
3.76,4.14,5.32,2.0,0.17,0.0,2,73.4,1,B
1.3,2.61,6.89,3.0,8.58,0.0,13,68.0,1,B
0.68,3.15,8.28,0.0,8.3,0.0,7,48.1,1,B
2.89,3.97,8.49,1.0,6.83,0.0,3,68.4,1,B
3.81,3.42,7.32,2.0,2.59,0.0,10,77.6,1,B
1.54,2.01,5.6,3.0,9.52,0.0,13,6.3,1,B
2.81,1.78,3.91,0.0,4.92,0.0,10,71.6,1,B
1.25,3.94,3.73,4.0,8.71,0.0,2,42.8,1,B
3.24,3.48,6.19,1.0,2.05,0.0,2,20.8,1,B
3.21,4.24,7.9,0.0,6.06,0.0,9,72.8,1,B
1.21,4.43,3.64,2.0,5.76,0.0,10,45.7,1,B
0.87,1.37,2.0,2.0,2.98,0.0,12,40.2,0,B
3.44,2.41,3.98,4.0,3.4,0.0,0,77.0,1,B
2.48,4.51,2.69,4.0,6.46,0.0,2,93.1,1,B
2.7,1.92,9.68,3.0,3.68,0.0,12,57.8,1,B
2.27,4.81,4.11,2.0,6.17,0.0,13,92.2,1,B
2.94,5.57,1.11,1.0,0.09,0.0,12,48.9,1,B
3.06,2.07,3.18,5.0,4.28,0.0,7,60.8,1,B
0.7,4.39,8.67,1.0,3.95,0.0,12,54.5,1,B
0.77,5.11,5.41,0.0,5.57,0.0,8,67.7,1,B
3.03,4.33,5.68,5.0,2.35,0.0,1,98.5,1,B
0.73,3.86,7.74,4.0,0.66,0.0,9,58.4,1,B
2.13,4.81,5.07,5.0,8.16,0.0,10,83.1,1,B
2.79,4.3,1.72,2.0,8.86,0.0,15,18.4,1,B
3.95,1.97,8.48,1.0,4.81,0.0,6,60.3,1,B
1.43,2.3,4.22,1.0,7.88,0.0,1,60.6,1,B
1.25,1.22,9.59,4.0,0.5,0.0,12,29.6,1,B
3.08,5.52,2.16,0.0,7.76,0.0,8,44.3,1,B
2.26,4.35,7.29,4.0,5.28,0.0,14,59.6,1,B
2.19,2.78,2.47,3.0,9.76,0.0,5,34.1,1,B
3.99,5.13,9.41,0.0,5.42,0.0,1,90.0,0,B
2.37,2.54,6.61,2.0,3.0,0.0,7,37.4,1,B
1.85,2.33,5.69,0.0,5.73,0.0,15,17.5,1,B
1.89,2.57,5.19,0.0,9.36,0.0,7,5.7,1,B
0.83,4.69,7.88,0.0,5.3,0.0,4,28.1,1,B
1.45,4.22,6.5,3.0,9.32,0.0,2,26.5,1,B
2.52,2.37,9.29,5.0,9.64,0.0,0,70.3,1,B
1.55,1.12,3.76,4.0,3.33,0.0,3,98.6,0,B
1.19,5.43,4.01,3.0,7.77,0.0,4,57.2,1,B
3.86,3.37,3.86,5.0,3.8,0.0,14,84.3,1,B
3.36,2.86,1.54,2.0,10.0,0.0,9,43.4,1,B
1.74,1.34,4.14,3.0,4.58,0.0,7,13.1,0,B
1.32,2.99,9.63,5.0,0.93,0.0,14,46.5,1,B
1.61,2.35,5.29,5.0,5.5,0.0,8,69.3,1,B
2.63,4.49,7.49,1.0,3.76,0.0,9,9.4,1,B
1.43,4.65,3.99,3.0,0.89,0.0,13,5.8,0,B
1.12,4.74,9.46,1.0,5.9,0.0,4,22.7,1,B
1.5,2.02,7.48,4.0,7.01,0.0,14,18.4,1,B
2.44,4.37,3.23,5.0,9.14,0.0,10,59.6,1,B
3.4,4.47,4.97,5.0,8.89,0.0,11,20.9,1,B
3.12,2.27,8.84,2.0,4.53,0.0,8,29.7,1,B
2.07,2.58,9.34,4.0,7.71,0.0,0,55.3,1,B
2.43,5.59,4.2,4.0,6.64,0.0,1,42.4,1,B
0.63,4.19,9.18,3.0,3.05,0.0,14,28.5,1,B
3.63,4.86,7.95,1.0,9.28,0.0,14,43.1,0,B
3.09,3.67,3.49,3.0,5.37,0.0,12,93.1,1,B
2.35,4.94,5.51,4.0,9.24,0.0,9,14.2,1,B
1.91,2.39,1.88,5.0,2.98,0.0,11,69.0,0,B
3.69,4.95,9.64,2.0,5.55,0.0,8,18.1,1,B
0.94,3.17,2.33,5.0,1.18,0.0,6,18.0,0,B
3.35,1.98,1.69,5.0,9.13,0.0,0,92.0,1,B
1.98,3.2,9.77,4.0,3.97,0.0,13,81.7,1,B
1.03,5.92,6.01,4.0,2.53,0.0,8,55.8,1,B
3.12,5.34,8.31,2.0,0.2,0.0,7,34.0,1,B
0.87,4.25,2.85,4.0,4.6,0.0,6,32.0,0,B
1.79,3.58,2.52,0.0,2.44,0.0,4,27.3,0,B
3.57,3.27,4.27,1.0,5.85,0.0,8,99.4,1,B
1.06,5.14,4.8,4.0,2.63,0.0,11,61.2,1,B
0.57,3.35,3.88,4.0,7.36,0.0,7,33.3,0,B
2.73,3.97,9.74,4.0,2.37,0.0,12,22.9,1,B
2.87,1.23,4.31,4.0,9.84,0.0,9,30.1,1,B
2.36,1.85,2.72,1.0,8.03,0.0,2,73.7,1,B
1.54,4.44,9.59,1.0,2.31,0.0,8,39.3,1,B
2.5,3.74,5.29,1.0,7.18,0.0,13,19.9,1,B
1.94,4.4,2.37,2.0,6.91,0.0,2,71.0,1,B
1.82,5.54,4.55,1.0,6.94,0.0,1,9.3,1,B
2.65,4.5,1.9,1.0,4.46,0.0,0,97.5,1,B
1.14,4.11,4.83,1.0,4.29,0.0,6,97.4,1,B
3.3,4.63,7.18,4.0,5.42,0.0,9,89.6,1,B
2.57,5.79,9.35,1.0,5.16,0.0,11,54.7,1,B
0.76,3.81,6.17,0.0,7.35,0.0,5,91.7,1,B
2.27,3.41,2.34,5.0,4.33,0.0,6,14.6,1,B
2.33,4.21,8.59,4.0,6.68,0.0,8,21.7,1,B
2.77,5.35,4.18,5.0,1.28,0.0,7,94.3,1,B
3.82,3.63,4.06,5.0,9.32,0.0,8,80.8,1,B
2.55,1.34,3.5,4.0,3.42,0.0,14,20.6,1,B
3.53,5.37,9.03,3.0,3.66,0.0,5,34.6,1,B
1.61,3.16,3.56,2.0,6.46,0.0,12,26.6,1,B
2.68,3.71,1.07,5.0,0.16,0.0,1,51.7,0,B
0.84,2.15,1.81,1.0,8.69,0.0,12,39.4,0,B
2.02,5.06,2.87,4.0,5.49,0.0,5,31.5,1,B
2.31,4.21,6.57,3.0,6.15,0.0,2,41.1,1,B
0.81,4.67,5.28,2.0,8.18,0.0,7,64.0,1,B
1.1,3.67,2.44,2.0,6.11,0.0,5,16.8,0,B
0.97,2.34,8.22,0.0,4.42,0.0,12,84.9,1,B
0.84,2.01,7.48,5.0,8.8,0.0,13,49.6,1,B
3.97,1.95,5.8,4.0,6.45,0.0,5,30.0,1,B
3.44,1.41,8.29,0.0,9.77,0.0,12,71.4,1,B
0.88,5.05,9.38,5.0,5.19,0.0,14,54.2,1,B
2.93,3.28,8.97,5.0,0.86,0.0,1,54.0,1,B
0.99,2.28,4.03,5.0,3.36,0.0,0,74.7,0,B
3.45,1.0,5.62,5.0,3.08,0.0,14,85.3,1,B
3.76,4.14,5.36,0.0,4.37,0.0,15,73.7,1,B
0.58,5.7,7.76,4.0,6.45,0.0,7,81.2,1,B
3.83,1.26,2.82,4.0,4.41,0.0,6,54.8,1,B
1.4,2.67,6.64,3.0,6.07,0.0,10,33.8,1,B
3.14,3.04,7.4,5.0,1.1,0.0,9,26.2,1,B
3.82,3.02,2.13,4.0,3.33,0.0,1,80.6,1,B
0.57,1.35,8.11,0.0,2.62,0.0,12,72.9,1,B
1.63,3.08,7.31,4.0,9.5,0.0,6,44.3,1,B
1.8,1.71,5.91,4.0,6.9,0.0,3,6.5,1,B
2.36,2.39,8.99,1.0,7.88,0.0,15,16.1,1,B
2.53,4.44,4.53,3.0,7.44,0.0,15,22.7,1,B
0.58,2.46,3.17,0.0,6.13,0.0,1,65.7,0,B
2.61,5.86,3.89,1.0,1.53,0.0,15,45.7,1,B
2.26,5.46,9.16,0.0,9.11,0.0,5,5.4,1,B
1.67,4.21,7.43,4.0,9.7,0.0,8,95.4,1,B
0.84,4.27,7.46,0.0,9.79,0.0,7,62.3,1,B
1.14,2.86,1.0,0.0,1.33,0.0,13,50.6,0,B
0.89,5.02,5.74,1.0,7.86,0.0,11,11.3,1,B
3.84,4.66,7.75,3.0,9.73,0.0,15,93.6,2,B
2.16,2.68,3.42,5.0,9.5,0.0,0,89.9,1,B
3.23,2.95,2.26,4.0,2.2,0.0,5,53.0,1,B
2.41,1.84,8.52,5.0,1.67,0.0,9,53.0,1,B
0.68,2.78,2.67,2.0,8.12,0.0,0,47.9,0,B
1.41,2.52,3.58,0.0,1.22,0.0,14,17.2,0,B
3.56,5.91,4.02,1.0,6.62,0.0,8,95.0,1,B
3.49,2.83,3.32,2.0,8.33,0.0,12,46.8,1,B
1.84,5.28,3.87,5.0,3.76,0.0,8,79.9,1,B
1.96,5.92,5.32,2.0,5.99,0.0,13,49.9,1,B
3.2,3.3,6.77,5.0,4.96,0.0,14,23.9,1,B
2.39,1.76,4.1,3.0,1.66,0.0,10,66.9,1,B
1.75,3.49,6.13,4.0,0.53,0.0,11,11.3,1,B
1.79,1.81,4.65,4.0,7.6,0.0,5,33.9,1,B
3.69,3.2,4.64,1.0,7.38,0.0,11,17.7,1,B
1.78,4.57,7.51,5.0,4.71,0.0,12,81.6,1,B
1.78,5.68,6.23,2.0,8.07,0.0,6,12.8,1,B
1.48,2.25,3.72,1.0,8.53,0.0,11,14.4,1,B
3.39,4.19,3.15,2.0,7.77,0.0,14,89.0,1,B
2.0,3.86,9.14,5.0,5.48,0.0,5,70.3,1,B
2.88,5.24,5.78,4.0,1.68,0.0,13,20.0,1,B
1.92,3.81,1.94,0.0,0.34,0.0,7,91.2,0,B
3.36,5.88,7.88,0.0,0.36,0.0,7,49.8,1,B
3.91,2.99,6.06,4.0,6.36,0.0,10,79.1,1,B
3.22,3.64,2.12,3.0,2.66,0.0,3,31.0,1,B
1.47,4.87,7.48,3.0,9.67,0.0,10,66.6,1,B
3.47,4.96,2.25,3.0,3.91,0.0,3,66.9,1,B
2.83,3.69,4.98,2.0,7.36,0.0,8,96.8,1,B
0.99,1.4,4.51,0.0,9.38,0.0,5,13.6,1,B
2.54,2.47,4.17,1.0,3.58,0.0,4,61.9,1,B
3.81,4.49,6.83,0.0,4.45,0.0,13,36.9,1,B
3.59,5.03,8.03,3.0,4.4,0.0,12,80.5,1,B
1.53,1.9,8.38,3.0,6.14,0.0,0,67.4,1,B
2.44,1.4,5.87,4.0,4.46,0.0,13,57.1,1,B
2.56,3.5,8.98,2.0,4.51,0.0,6,69.1,1,B
1.71,5.75,6.32,1.0,9.48,0.0,15,47.1,1,B
3.6,4.85,8.04,5.0,6.76,0.0,2,63.1,1,B
1.61,4.32,7.37,5.0,4.48,0.0,1,46.7,1,B
0.98,5.33,5.75,5.0,5.69,0.0,1,69.0,1,B
1.63,3.16,2.21,4.0,2.28,0.0,2,19.2,0,B
2.05,5.32,4.43,1.0,9.5,0.0,0,97.5,1,B
3.68,3.8,9.89,4.0,5.97,0.0,11,94.9,2,B
1.34,5.23,1.79,4.0,6.0,0.0,6,92.2,1,B
2.1,1.4,1.46,3.0,6.94,0.0,7,85.0,1,B
2.33,4.97,4.49,2.0,4.45,0.0,13,86.3,1,B
2.2,2.43,3.92,0.0,5.03,0.0,5,64.2,1,B
2.97,5.38,7.79,3.0,0.47,0.0,12,76.7,1,B
1.69,3.53,4.64,3.0,1.6,0.0,0,55.8,0,B
2.76,2.64,4.16,5.0,5.4,0.0,0,84.5,1,B
2.37,4.57,5.83,2.0,0.98,0.0,0,28.0,1,B
0.7,5.49,7.08,5.0,5.82,0.0,14,52.2,1,B
1.25,4.34,8.98,1.0,7.32,0.0,7,69.8,1,B
1.32,2.89,1.77,2.0,1.4,0.0,14,29.5,0,B
3.9,1.79,1.38,5.0,5.84,0.0,2,34.7,1,B
0.9,2.74,2.27,0.0,6.15,0.0,5,32.3,0,B
1.93,2.19,3.76,3.0,4.9,0.0,6,18.9,1,B
2.32,1.33,6.07,1.0,0.37,0.0,2,39.1,1,B
1.21,1.04,7.9,5.0,0.01,0.0,1,43.1,0,B
2.72,1.26,5.71,5.0,6.18,0.0,11,70.1,1,B
1.6,4.18,5.25,5.0,6.43,0.0,8,27.8,1,B
1.1,4.86,6.56,3.0,1.42,0.0,11,84.7,1,B
0.63,3.6,6.25,1.0,0.56,0.0,0,38.2,0,B
2.41,4.86,7.92,2.0,9.68,0.0,1,43.1,1,B
3.85,5.16,8.86,3.0,9.65,0.0,6,33.9,2,B
1.72,1.87,8.94,2.0,1.59,0.0,1,34.5,1,B
0.71,1.38,2.74,3.0,3.18,0.0,11,95.3,0,B
2.51,4.29,8.23,3.0,9.77,0.0,4,52.1,1,B
2.48,3.69,8.07,1.0,1.33,0.0,13,51.5,1,B
1.36,1.26,3.1,0.0,3.21,0.0,3,41.9,0,B
2.0,1.8,8.73,2.0,2.6,0.0,2,79.4,1,B
1.62,1.66,8.17,5.0,4.54,0.0,2,83.4,1,B
1.12,4.03,3.17,3.0,5.94,0.0,7,23.4,0,B
2.8,5.85,9.1,0.0,0.92,0.0,2,16.8,1,B
2.36,2.91,9.85,1.0,1.83,0.0,8,53.2,1,B
0.71,1.12,2.04,2.0,8.69,0.0,9,64.2,0,B
2.1,1.08,6.66,1.0,3.67,0.0,4,75.1,1,B
2.74,5.22,6.98,3.0,4.85,0.0,9,61.8,1,B
1.88,4.11,9.84,4.0,8.59,0.0,7,32.0,1,B
2.51,4.63,1.98,2.0,0.43,0.0,8,27.7,0,B
0.89,3.3,7.54,5.0,6.55,0.0,7,32.1,1,B
3.85,1.17,7.67,4.0,7.03,0.0,15,82.5,1,B
1.75,4.7,9.89,3.0,0.48,0.0,12,93.2,1,B
0.62,1.34,2.64,3.0,3.13,0.0,11,43.4,0,B
3.83,5.77,5.24,1.0,6.11,0.0,13,90.8,1,B
3.52,2.1,2.22,0.0,8.7,0.0,8,59.7,1,B
3.68,3.61,3.32,2.0,5.14,0.0,3,72.7,1,B
2.58,1.31,9.95,4.0,8.74,0.0,8,66.9,1,B
1.12,1.73,6.0,5.0,2.6,0.0,2,18.5,0,B
2.41,4.37,2.14,3.0,0.18,0.0,0,54.5,0,B
2.67,4.97,2.92,4.0,3.11,0.0,13,87.4,1,B
1.43,1.38,3.53,1.0,4.09,0.0,11,74.4,0,B
3.76,1.77,5.08,3.0,4.56,0.0,1,33.2,1,B
1.09,2.7,9.68,5.0,0.14,0.0,5,26.6,1,B
2.1,5.44,9.06,1.0,1.18,0.0,8,28.1,1,B
1.66,4.47,4.76,2.0,0.47,0.0,3,83.4,1,B
3.72,3.42,1.02,3.0,0.13,0.0,13,49.8,1,B
3.9,4.85,2.74,3.0,8.62,0.0,5,37.9,1,B
3.89,5.04,3.45,1.0,1.7,0.0,3,90.4,1,B
1.9,4.9,3.33,3.0,4.01,0.0,8,8.2,1,B
3.5,4.57,7.17,3.0,5.07,0.0,1,80.1,1,B
0.95,4.47,4.35,4.0,2.72,0.0,0,86.7,0,B
3.31,1.97,1.43,0.0,8.77,0.0,9,49.8,1,B
2.88,4.93,9.1,0.0,2.56,0.0,3,92.5,1,B
2.72,2.99,6.84,3.0,1.18,0.0,5,53.2,1,B
1.91,4.12,4.89,0.0,9.12,0.0,13,73.6,1,B
3.27,1.41,8.92,1.0,3.17,0.0,15,43.9,1,B
2.29,1.34,6.83,1.0,2.58,0.0,11,72.4,1,B
1.57,1.42,2.11,2.0,8.51,0.0,6,92.1,1,B
3.94,5.06,1.53,3.0,5.94,0.0,13,68.2,1,B
2.4,3.56,1.43,4.0,8.69,0.0,11,21.7,1,B
2.09,2.28,8.22,0.0,5.17,0.0,4,56.5,1,B
3.79,3.72,2.68,2.0,1.87,0.0,3,78.0,1,B
3.13,3.54,4.37,4.0,6.28,0.0,2,66.0,1,B
2.72,3.59,1.13,1.0,9.95,0.0,11,69.7,1,B
3.99,4.86,1.06,4.0,1.68,0.0,7,78.3,1,B
3.28,1.96,2.3,1.0,1.56,0.0,10,76.3,1,B
0.56,2.72,5.42,1.0,1.35,0.0,10,83.7,0,B
2.66,1.27,4.16,4.0,9.06,0.0,0,11.3,1,B
2.43,1.33,3.4,0.0,9.23,0.0,1,56.7,1,B
2.56,1.28,8.71,2.0,0.68,0.0,2,8.9,1,B
3.46,3.96,5.46,1.0,5.88,0.0,3,65.2,1,B
1.73,5.55,3.59,5.0,1.5,0.0,4,50.0,1,B
0.83,3.82,1.41,5.0,3.01,0.0,4,82.3,0,B
1.04,1.37,6.31,1.0,0.06,0.0,6,29.1,0,B
2.9,1.71,1.1,0.0,0.3,0.0,9,68.8,0,B
1.81,4.81,3.07,1.0,9.44,0.0,4,68.6,1,B
1.85,1.78,1.23,0.0,9.82,0.0,6,49.5,1,B
3.42,4.32,7.45,5.0,8.05,0.0,6,71.6,1,B
2.51,3.31,2.34,0.0,7.41,0.0,12,58.4,1,B
3.52,5.01,4.42,2.0,5.92,0.0,11,53.9,1,B
2.15,1.13,7.93,5.0,4.97,0.0,10,13.4,1,B
1.6,2.16,6.64,1.0,0.26,0.0,2,24.4,0,B
2.28,3.13,9.11,4.0,1.89,0.0,9,51.3,1,B
3.98,4.19,8.61,3.0,5.39,0.0,7,13.7,1,B
2.75,1.31,5.71,3.0,0.74,0.0,3,38.2,1,B
3.08,4.61,5.41,1.0,0.3,0.0,13,39.2,1,B
0.58,1.96,1.51,1.0,4.81,0.0,3,58.3,0,B
0.67,3.14,9.56,2.0,4.22,0.0,10,43.0,1,B
0.95,2.52,6.92,2.0,2.41,0.0,7,86.7,1,B
1.01,5.26,3.48,5.0,6.29,0.0,4,41.5,1,B
3.56,4.66,3.1,1.0,8.11,0.0,7,9.2,1,B
2.13,1.31,4.4,1.0,6.74,0.0,0,40.1,1,B
2.04,3.95,2.17,5.0,0.1,0.0,3,67.6,0,B
2.8,4.46,6.36,1.0,0.08,0.0,12,88.1,1,B
1.32,5.89,3.46,5.0,5.28,0.0,14,17.9,1,B
1.39,5.4,5.14,5.0,7.51,0.0,2,73.5,1,B
0.96,4.94,9.57,4.0,2.94,0.0,7,89.8,1,B
1.08,4.45,1.12,2.0,0.99,0.0,6,97.3,0,B
1.77,1.88,2.5,3.0,3.63,0.0,7,95.8,1,B
3.14,4.5,4.62,5.0,0.52,0.0,8,18.4,1,B
1.02,4.69,8.4,3.0,5.38,0.0,2,84.4,1,B
2.12,5.23,6.55,5.0,0.11,0.0,8,50.5,1,B
3.8,2.76,1.59,0.0,2.7,0.0,5,90.1,1,B
1.19,3.88,6.85,0.0,0.45,0.0,6,23.0,0,B
2.01,5.35,2.29,1.0,0.91,0.0,6,45.5,0,B
1.86,2.97,7.49,2.0,3.51,0.0,15,81.6,1,B
2.44,5.55,4.22,5.0,7.57,0.0,8,96.4,1,B
2.3,2.61,5.18,4.0,6.4,0.0,13,62.6,1,B
1.59,1.55,2.85,2.0,0.75,0.0,13,92.7,0,B
3.08,2.49,9.36,5.0,9.7,0.0,9,98.9,0,B
3.13,2.68,5.7,2.0,8.99,0.0,4,63.4,1,B
3.46,2.54,6.26,3.0,9.84,0.0,11,48.9,1,B
1.81,4.43,1.09,3.0,4.97,0.0,15,52.7,1,B
2.11,3.26,8.8,3.0,7.72,0.0,14,72.0,1,B
0.61,4.9,7.84,4.0,9.71,0.0,14,51.6,1,B
0.64,4.51,9.74,1.0,6.72,0.0,6,48.3,1,B
2.43,1.68,5.31,1.0,1.15,0.0,9,95.9,1,B
3.17,3.52,1.64,1.0,2.72,0.0,11,40.2,1,B
2.18,4.88,6.5,5.0,7.4,0.0,13,13.2,1,B
1.29,2.74,6.93,1.0,9.55,0.0,10,32.9,1,B
2.41,2.96,1.47,5.0,9.39,0.0,7,88.9,1,B
3.92,4.09,2.32,0.0,4.81,0.0,13,63.7,1,B
2.47,1.75,7.7,2.0,3.85,0.0,7,30.1,1,B
3.13,3.02,6.51,0.0,7.32,0.0,3,17.3,1,B
3.08,4.86,6.55,2.0,5.11,0.0,13,31.3,1,B
3.75,1.8,4.75,3.0,9.71,0.0,3,46.2,1,B
1.82,4.57,8.02,2.0,8.88,0.0,14,50.0,1,B
3.55,4.05,3.43,2.0,7.77,0.0,14,82.4,1,B
1.63,5.65,5.59,1.0,9.43,0.0,6,81.6,1,B
2.75,1.35,2.38,3.0,7.93,0.0,7,85.1,1,B
3.3,3.77,4.0,0.0,8.12,0.0,11,44.8,1,B
3.58,2.28,5.61,2.0,0.34,0.0,0,90.0,1,B
3.53,1.85,8.86,5.0,0.16,0.0,10,12.5,1,B
1.57,3.2,9.58,5.0,3.69,0.0,13,92.3,1,B
2.68,5.19,5.6,3.0,6.37,0.0,3,46.2,1,B
2.02,5.07,6.85,0.0,4.57,0.0,0,40.3,1,B
1.74,5.95,9.39,0.0,4.37,0.0,8,36.8,1,B
2.39,5.7,7.52,0.0,1.25,0.0,10,79.9,1,B
2.9,4.74,5.11,1.0,4.84,0.0,6,53.3,1,B
0.67,3.99,4.62,0.0,5.24,0.0,11,70.7,1,B
2.89,4.6,4.04,5.0,9.79,0.0,14,20.3,1,B
1.9,3.2,6.8,4.0,9.79,0.0,12,47.5,1,B
3.87,3.84,5.96,5.0,4.88,0.0,4,63.2,1,B
3.72,4.58,5.79,1.0,2.76,0.0,15,20.1,1,B
3.26,1.28,6.81,3.0,7.38,0.0,8,45.6,1,B
2.82,5.17,6.79,3.0,9.55,0.0,0,87.8,1,B
2.81,1.13,5.56,2.0,1.04,0.0,8,50.2,1,B
2.86,5.45,2.04,5.0,2.31,0.0,4,23.2,1,B
0.68,5.51,3.78,5.0,4.29,0.0,6,6.5,0,B
2.87,4.05,2.56,1.0,0.24,0.0,3,75.6,1,B
3.09,4.39,4.55,0.0,8.77,0.0,1,13.3,1,B
0.85,1.69,4.15,3.0,2.54,0.0,4,21.4,0,B
3.93,5.91,7.02,2.0,2.41,0.0,10,10.4,1,B
2.51,4.85,2.4,2.0,3.69,0.0,13,96.1,1,B
3.13,2.34,8.44,0.0,3.51,0.0,10,40.7,1,B
1.34,5.96,4.73,1.0,8.81,0.0,7,86.2,1,B
9.22,20.0,9.14,0.0,8.2,10.0,0,26.4,3,C
9.36,20.0,8.68,4.0,8.57,10.0,10,61.1,4,C
9.04,20.0,8.77,0.0,8.95,10.0,9,35.0,3,C
9.71,20.0,9.48,3.0,9.39,10.0,13,9.7,4,C
9.23,20.0,8.91,5.0,9.59,10.0,4,48.1,0,C
9.01,20.0,9.77,4.0,9.16,10.0,5,9.1,3,C
9.11,20.0,8.68,0.0,9.68,10.0,12,58.5,0,C
9.14,20.0,9.87,5.0,9.47,10.0,3,64.2,4,C
9.27,20.0,9.38,5.0,9.25,10.0,13,12.1,0,C
9.97,20.0,9.99,1.0,9.5,10.0,8,96.3,4,C
9.4,20.0,9.09,3.0,9.89,10.0,12,51.7,4,C
9.4,20.0,8.69,4.0,8.89,10.0,14,12.1,3,C
9.24,20.0,9.4,0.0,9.12,10.0,11,52.8,4,C
9.13,20.0,9.85,3.0,8.73,10.0,8,94.7,4,C
9.94,20.0,9.37,3.0,9.61,10.0,12,5.5,4,C
9.16,20.0,8.3,2.0,9.99,10.0,7,47.7,0,C
9.08,20.0,8.19,4.0,9.07,10.0,0,20.8,3,C
9.68,20.0,9.38,0.0,8.64,10.0,5,82.2,4,C
9.12,20.0,8.03,5.0,8.15,10.0,6,6.5,3,C
9.89,20.0,9.65,3.0,8.5,10.0,8,45.8,4,C
9.48,20.0,8.57,0.0,9.83,10.0,5,80.7,4,C
9.48,20.0,8.22,4.0,9.38,10.0,12,47.3,4,C
9.04,20.0,8.45,2.0,8.86,10.0,11,78.6,0,C
9.02,20.0,9.55,4.0,8.42,10.0,9,5.4,3,C
9.57,20.0,8.1,0.0,8.34,10.0,0,47.1,3,C
9.8,20.0,8.95,3.0,9.89,10.0,1,38.0,4,C
9.36,20.0,9.93,0.0,8.11,10.0,0,89.6,4,C
9.45,20.0,9.73,2.0,9.41,10.0,10,52.1,4,C
9.11,20.0,9.59,1.0,9.55,10.0,2,58.0,0,C
9.98,20.0,9.07,0.0,8.23,10.0,6,41.9,4,C
9.81,20.0,9.86,2.0,8.69,10.0,7,31.1,4,C
9.4,20.0,8.03,3.0,8.49,10.0,14,45.1,3,C
9.39,20.0,8.94,1.0,9.11,10.0,1,36.3,3,C
9.96,20.0,8.61,3.0,9.46,10.0,3,51.4,4,C
9.49,20.0,8.48,3.0,9.91,10.0,6,63.4,4,C
9.56,20.0,9.56,0.0,8.48,10.0,15,13.2,4,C
9.14,20.0,9.82,2.0,8.6,10.0,10,92.2,4,C
9.98,20.0,9.56,2.0,9.97,10.0,2,40.4,4,C
9.35,20.0,9.91,4.0,8.02,10.0,15,99.1,4,C
9.0,20.0,8.78,2.0,9.28,10.0,2,79.5,3,C
9.31,20.0,8.07,3.0,8.36,10.0,6,98.9,4,C
9.93,20.0,8.4,1.0,9.93,10.0,13,33.4,4,C
9.39,20.0,9.55,4.0,8.31,10.0,11,35.1,4,C
9.28,20.0,9.38,5.0,9.92,10.0,13,80.6,4,C
9.12,20.0,9.84,5.0,8.1,10.0,9,16.2,3,C
9.38,20.0,9.83,2.0,9.43,10.0,0,17.3,3,C
9.04,20.0,8.24,1.0,8.74,10.0,0,45.9,3,C
9.49,20.0,8.1,2.0,8.48,10.0,2,40.4,3,C
9.03,20.0,8.93,0.0,8.73,10.0,9,75.0,0,C
9.66,20.0,8.86,0.0,9.18,10.0,0,24.9,3,C
9.91,20.0,8.09,3.0,9.93,10.0,7,82.1,4,C
9.26,20.0,9.3,1.0,9.94,10.0,0,80.3,4,C
9.14,20.0,8.58,4.0,8.83,10.0,7,90.4,4,C
9.81,20.0,8.28,3.0,8.21,10.0,2,34.6,3,C
9.62,20.0,9.27,0.0,8.49,10.0,7,32.0,4,C
9.32,20.0,9.54,2.0,8.12,10.0,5,22.8,0,C
9.15,20.0,9.65,0.0,8.07,10.0,10,10.1,3,C
9.43,20.0,8.87,4.0,9.09,10.0,13,74.9,4,C
9.96,20.0,8.11,2.0,9.75,10.0,1,54.0,4,C
9.72,20.0,8.83,5.0,9.72,10.0,7,46.4,4,C
9.17,20.0,9.05,0.0,8.9,10.0,4,83.6,4,C
9.56,20.0,9.51,2.0,9.61,10.0,8,53.7,4,C
9.85,20.0,8.35,2.0,9.63,10.0,11,72.2,4,C
9.38,20.0,9.81,0.0,8.75,10.0,9,12.5,0,C
9.42,20.0,8.72,5.0,9.58,10.0,12,37.2,4,C
9.55,20.0,9.04,1.0,9.27,10.0,6,53.1,4,C
9.32,20.0,9.2,3.0,8.33,10.0,6,61.1,4,C
9.06,20.0,8.5,3.0,8.83,10.0,12,19.8,3,C
9.34,20.0,9.27,2.0,9.07,10.0,10,12.0,0,C
9.55,20.0,9.74,0.0,8.68,10.0,7,64.0,4,C
9.61,20.0,8.95,4.0,8.73,10.0,4,50.3,4,C
9.66,20.0,8.66,0.0,9.81,10.0,0,67.3,4,C
9.98,20.0,8.67,5.0,9.07,10.0,3,86.8,4,C
9.32,20.0,9.57,4.0,9.15,10.0,11,54.2,4,C
9.88,20.0,8.8,0.0,8.35,10.0,5,33.6,4,C
9.59,20.0,8.65,3.0,9.38,10.0,2,43.1,0,C
9.75,20.0,8.68,0.0,9.3,10.0,15,85.1,4,C
9.59,20.0,8.02,5.0,9.87,10.0,13,5.9,0,C
9.09,20.0,8.34,2.0,8.65,10.0,2,49.6,3,C
9.24,20.0,8.36,0.0,8.52,10.0,4,69.5,0,C
9.99,20.0,8.21,2.0,9.23,10.0,11,70.6,4,C
9.77,20.0,8.55,5.0,9.59,10.0,5,78.4,4,C
9.29,20.0,8.55,3.0,8.08,10.0,13,49.1,3,C
9.33,20.0,8.09,1.0,9.44,10.0,6,12.5,3,C
9.61,20.0,8.63,3.0,8.11,10.0,5,28.8,0,C
9.91,20.0,8.22,1.0,8.75,10.0,3,25.3,0,C
9.86,20.0,8.33,1.0,8.15,10.0,14,69.2,4,C
9.55,20.0,9.69,2.0,8.24,10.0,1,31.9,0,C
9.8,20.0,9.34,0.0,9.01,10.0,3,25.2,4,C
9.87,20.0,8.38,2.0,9.3,10.0,14,11.9,4,C
9.62,20.0,9.5,3.0,9.84,10.0,10,56.1,4,C
9.04,20.0,9.88,5.0,8.95,10.0,6,70.7,4,C
9.62,20.0,9.22,5.0,8.22,10.0,5,32.7,4,C
9.19,20.0,9.04,4.0,9.36,10.0,1,73.0,0,C
9.06,20.0,9.17,5.0,8.62,10.0,7,97.6,4,C
9.92,20.0,8.49,2.0,8.9,10.0,4,23.0,4,C
9.58,20.0,9.49,5.0,9.63,10.0,6,33.6,4,C
9.03,20.0,9.91,0.0,8.25,10.0,10,90.4,4,C
9.4,20.0,9.34,1.0,8.88,10.0,4,21.8,0,C
9.26,20.0,9.44,4.0,9.5,10.0,6,79.9,4,C
9.22,20.0,9.71,1.0,9.51,10.0,11,84.5,4,C
9.2,20.0,9.79,2.0,9.6,10.0,0,54.2,0,C
9.06,20.0,9.91,5.0,9.37,10.0,9,76.0,4,C
9.43,20.0,8.87,1.0,9.6,10.0,9,10.7,0,C
9.19,20.0,8.15,0.0,8.87,10.0,8,93.1,4,C
9.75,20.0,9.94,5.0,9.24,10.0,5,59.4,4,C
9.34,20.0,8.07,3.0,8.88,10.0,2,18.8,3,C
9.98,20.0,8.45,4.0,8.79,10.0,8,85.5,4,C
9.88,20.0,9.68,4.0,8.57,10.0,10,92.1,4,C
9.06,20.0,9.64,3.0,9.83,10.0,3,53.9,4,C
9.32,20.0,9.5,2.0,9.85,10.0,13,37.3,4,C
9.43,20.0,9.27,0.0,9.14,10.0,7,21.1,4,C
9.45,20.0,9.23,5.0,9.3,10.0,10,51.7,4,C
9.31,20.0,8.37,4.0,9.59,10.0,0,55.7,3,C
9.29,20.0,9.53,3.0,8.6,10.0,15,53.6,4,C
9.8,20.0,9.69,2.0,8.72,10.0,14,18.1,4,C
9.3,20.0,8.01,1.0,9.73,10.0,12,33.3,3,C
9.54,20.0,9.08,3.0,8.88,10.0,2,24.3,3,C
9.83,20.0,8.86,0.0,8.82,10.0,14,68.6,4,C
9.89,20.0,8.99,0.0,9.06,10.0,9,26.1,4,C
9.61,20.0,8.42,0.0,8.75,10.0,5,42.2,4,C
9.16,20.0,8.77,4.0,9.43,10.0,5,38.3,0,C
9.7,20.0,8.85,1.0,9.31,10.0,15,57.1,4,C
9.77,20.0,9.51,5.0,9.3,10.0,9,75.9,4,C
9.02,20.0,8.96,4.0,8.16,10.0,4,40.0,3,C
9.11,20.0,9.01,1.0,8.83,10.0,6,27.6,3,C
9.06,20.0,9.75,2.0,8.19,10.0,6,21.4,3,C
9.28,20.0,9.05,4.0,9.01,10.0,6,61.4,4,C
9.54,20.0,8.84,5.0,9.89,10.0,12,48.5,4,C
9.73,20.0,9.73,4.0,8.66,10.0,8,45.1,4,C
9.84,20.0,9.64,0.0,9.2,10.0,0,30.8,4,C
9.98,20.0,8.49,3.0,8.09,10.0,11,42.2,4,C
9.94,20.0,9.91,1.0,8.21,10.0,0,61.6,4,C
9.18,20.0,9.0,1.0,8.8,10.0,6,9.8,3,C
9.6,20.0,8.41,0.0,8.38,10.0,9,76.0,4,C
9.85,20.0,8.09,3.0,9.13,10.0,2,94.0,4,C
9.61,20.0,9.71,1.0,9.72,10.0,14,32.0,4,C
9.85,20.0,8.97,3.0,9.84,10.0,1,37.5,4,C
9.46,20.0,8.18,4.0,9.14,10.0,7,29.1,0,C
9.79,20.0,9.65,2.0,9.27,10.0,6,73.6,4,C
9.68,20.0,9.7,2.0,9.81,10.0,14,72.0,4,C
9.17,20.0,9.8,1.0,9.44,10.0,4,64.7,4,C
9.28,20.0,9.59,3.0,8.89,10.0,1,81.8,4,C
9.73,20.0,9.4,2.0,9.55,10.0,2,49.6,4,C
9.01,20.0,8.91,2.0,9.8,10.0,3,51.3,3,C
9.24,20.0,9.68,5.0,9.98,10.0,5,23.2,4,C
9.7,20.0,9.34,1.0,8.82,10.0,12,15.7,4,C
9.2,20.0,8.7,1.0,8.48,10.0,6,54.4,0,C
9.81,20.0,9.48,3.0,9.83,10.0,14,49.0,4,C
9.29,20.0,9.77,2.0,8.1,10.0,14,20.7,0,C
9.2,20.0,9.64,3.0,8.24,10.0,15,52.6,4,C
9.5,20.0,9.17,4.0,8.38,10.0,11,79.1,4,C
9.28,20.0,8.26,5.0,9.72,10.0,5,32.5,0,C
9.16,20.0,8.04,1.0,8.88,10.0,14,72.1,0,C
9.77,20.0,8.37,1.0,9.82,10.0,2,94.0,4,C
9.85,20.0,9.08,5.0,8.83,10.0,4,29.1,4,C
9.15,20.0,9.46,5.0,8.98,10.0,8,47.9,4,C
9.16,20.0,9.35,2.0,9.9,10.0,12,21.5,0,C
9.14,20.0,8.68,0.0,9.4,10.0,15,44.5,0,C
9.79,20.0,9.97,0.0,9.83,10.0,12,76.4,4,C
9.3,20.0,8.55,4.0,8.16,10.0,2,61.2,3,C
9.48,20.0,9.23,3.0,9.02,10.0,6,16.0,0,C
9.22,20.0,9.53,0.0,8.37,10.0,2,32.7,3,C
9.68,20.0,8.41,1.0,8.84,10.0,11,54.1,4,C
9.54,20.0,8.7,0.0,8.45,10.0,0,21.7,3,C
9.94,20.0,9.5,1.0,8.52,10.0,13,97.8,4,C
9.86,20.0,9.84,1.0,8.81,10.0,3,46.8,4,C
9.46,20.0,9.0,1.0,9.36,10.0,2,48.3,0,C
9.59,20.0,9.24,5.0,9.97,10.0,3,15.5,4,C
9.29,20.0,9.08,4.0,9.97,10.0,7,77.7,4,C
9.7,20.0,8.0,0.0,9.06,10.0,2,66.2,4,C
9.66,20.0,9.18,5.0,8.94,10.0,14,97.2,4,C
9.57,20.0,9.76,5.0,8.66,10.0,1,27.1,0,C
9.72,20.0,8.17,3.0,9.82,10.0,10,96.4,4,C
9.42,20.0,9.62,5.0,9.67,10.0,9,82.1,4,C
9.13,20.0,9.45,2.0,9.89,10.0,12,56.8,4,C
9.23,20.0,9.51,1.0,9.29,10.0,1,66.4,0,C
9.31,20.0,9.51,1.0,9.74,10.0,5,12.7,4,C
9.71,20.0,8.87,3.0,8.5,10.0,13,99.8,4,C
9.77,20.0,9.57,5.0,9.45,10.0,11,18.9,4,C
9.12,20.0,9.31,4.0,8.85,10.0,11,10.4,3,C
9.82,20.0,8.95,5.0,8.33,10.0,8,12.2,4,C
9.69,20.0,9.64,2.0,9.83,10.0,3,16.8,4,C
9.82,20.0,9.45,1.0,9.15,10.0,8,81.0,4,C
9.37,20.0,9.22,5.0,9.0,10.0,13,36.0,4,C
9.75,20.0,9.23,1.0,8.1,10.0,15,94.2,4,C
9.82,20.0,9.26,4.0,8.57,10.0,11,30.8,4,C
9.35,20.0,9.95,4.0,8.17,10.0,4,82.8,4,C
9.33,20.0,9.94,4.0,8.78,10.0,14,77.8,4,C
9.72,20.0,8.53,1.0,8.15,10.0,10,39.3,4,C
9.5,20.0,9.87,0.0,9.46,10.0,12,51.3,4,C
9.2,20.0,8.04,2.0,8.67,10.0,8,51.2,3,C
9.55,20.0,9.53,1.0,9.99,10.0,9,80.6,4,C
9.48,20.0,8.01,2.0,9.88,10.0,4,92.9,4,C
9.99,20.0,9.39,0.0,8.46,10.0,12,96.9,4,C
9.3,20.0,9.56,5.0,8.85,10.0,6,96.1,4,C
9.39,20.0,8.56,1.0,9.35,10.0,4,63.5,4,C
9.8,20.0,9.05,0.0,9.81,10.0,1,58.3,4,C
9.17,20.0,9.1,3.0,9.83,10.0,7,35.1,0,C
9.5,20.0,9.14,4.0,8.4,10.0,9,35.7,4,C
9.87,20.0,9.08,2.0,8.64,10.0,15,67.4,4,C
9.56,20.0,9.57,1.0,9.97,10.0,2,53.8,4,C
9.64,20.0,9.24,5.0,9.1,10.0,7,18.1,4,C
9.65,20.0,8.23,0.0,9.16,10.0,7,99.0,4,C
9.92,20.0,8.51,2.0,9.07,10.0,12,5.1,4,C
9.11,20.0,9.34,4.0,9.37,10.0,8,88.4,4,C
9.55,20.0,9.26,4.0,8.38,10.0,3,20.2,3,C
9.9,20.0,9.18,2.0,9.16,10.0,7,17.4,4,C
9.24,20.0,9.66,3.0,8.03,10.0,2,21.2,3,C
9.55,20.0,9.95,1.0,8.03,10.0,9,21.7,4,C
9.85,20.0,9.87,1.0,8.15,10.0,10,20.4,4,C
9.14,20.0,8.89,5.0,9.31,10.0,7,98.0,4,C
9.75,20.0,9.07,5.0,9.36,10.0,1,77.2,4,C
9.91,20.0,9.75,5.0,8.77,10.0,9,12.1,4,C
9.04,20.0,9.38,1.0,8.91,10.0,12,65.5,4,C
9.4,20.0,9.01,4.0,9.96,10.0,2,5.7,3,C
9.69,20.0,8.35,2.0,9.02,10.0,9,73.5,4,C
9.41,20.0,8.31,3.0,8.8,10.0,7,66.5,4,C
9.26,20.0,8.18,1.0,8.25,10.0,6,45.0,3,C
9.53,20.0,8.34,0.0,8.18,10.0,10,77.5,4,C
9.04,20.0,8.26,1.0,8.84,10.0,0,82.7,3,C
9.06,20.0,8.74,4.0,8.78,10.0,0,42.4,3,C
9.4,20.0,8.77,1.0,9.6,10.0,11,13.2,0,C
9.1,20.0,9.85,0.0,8.88,10.0,7,33.6,0,C
9.79,20.0,9.61,4.0,9.58,10.0,8,81.9,4,C
9.69,20.0,8.27,5.0,9.56,10.0,12,53.8,4,C
9.14,20.0,9.32,3.0,8.79,10.0,5,96.2,4,C
9.76,20.0,8.18,1.0,9.62,10.0,5,45.0,4,C
9.27,20.0,9.04,0.0,8.22,10.0,1,20.4,3,C
9.43,20.0,8.48,1.0,9.04,10.0,12,61.2,4,C
9.19,20.0,8.32,0.0,9.85,10.0,6,13.2,3,C
9.63,20.0,8.51,3.0,8.52,10.0,0,22.7,3,C
9.17,20.0,8.86,4.0,9.77,10.0,6,50.0,4,C
9.53,20.0,9.76,5.0,9.39,10.0,9,35.5,4,C
9.7,20.0,8.72,4.0,8.21,10.0,2,89.0,4,C
9.48,20.0,9.34,2.0,8.53,10.0,2,75.2,4,C
9.67,20.0,8.77,5.0,9.87,10.0,4,66.6,4,C
9.82,20.0,8.69,1.0,8.45,10.0,12,62.7,4,C
9.92,20.0,9.87,5.0,8.05,10.0,2,30.2,4,C
9.79,20.0,8.05,2.0,9.56,10.0,14,50.1,4,C
9.89,20.0,8.48,2.0,8.22,10.0,9,15.8,4,C
9.52,20.0,9.78,4.0,8.44,10.0,2,5.9,3,C
9.37,20.0,8.04,3.0,8.53,10.0,1,37.6,3,C
9.92,20.0,9.63,2.0,8.49,10.0,10,68.1,4,C
9.6,20.0,9.59,3.0,8.64,10.0,3,88.7,4,C
9.99,20.0,9.08,4.0,8.47,10.0,9,59.9,4,C
9.1,20.0,9.69,4.0,9.52,10.0,0,10.3,3,C
9.3,20.0,9.73,0.0,9.11,10.0,2,28.6,0,C
9.63,20.0,8.94,2.0,8.73,10.0,11,91.8,4,C
9.54,20.0,8.07,4.0,8.2,10.0,13,16.8,3,C
9.98,20.0,8.14,1.0,9.25,10.0,1,70.0,4,C
9.07,20.0,9.1,1.0,8.16,10.0,13,91.5,4,C
9.23,20.0,9.36,3.0,8.95,10.0,10,23.1,0,C
9.15,20.0,8.57,5.0,9.32,10.0,7,7.2,3,C
9.55,20.0,8.99,2.0,8.78,10.0,0,13.6,3,C
9.01,20.0,8.15,2.0,8.62,10.0,1,42.5,3,C
9.05,20.0,8.45,3.0,9.82,10.0,4,87.1,4,C
9.26,20.0,8.76,4.0,8.42,10.0,14,5.6,3,C
9.77,20.0,9.95,5.0,9.61,10.0,3,26.2,4,C
9.2,20.0,9.8,3.0,9.03,10.0,3,11.8,3,C
9.54,20.0,8.85,3.0,9.17,10.0,5,81.7,4,C
9.68,20.0,8.22,1.0,9.97,10.0,9,24.0,4,C
9.36,20.0,8.81,2.0,8.9,10.0,7,52.1,4,C
9.5,20.0,9.28,5.0,8.17,10.0,8,8.7,3,C
9.68,20.0,9.55,2.0,9.66,10.0,9,32.3,4,C
9.21,20.0,9.77,2.0,8.38,10.0,6,74.3,4,C
9.35,20.0,8.48,1.0,8.74,10.0,11,20.1,3,C
9.81,20.0,8.07,4.0,8.11,10.0,8,10.2,3,C
9.42,20.0,8.81,4.0,9.04,10.0,12,97.8,4,C
9.59,20.0,9.6,1.0,9.7,10.0,9,55.2,4,C
9.18,20.0,9.18,4.0,9.92,10.0,8,73.8,4,C
9.52,20.0,8.61,4.0,9.2,10.0,8,6.4,3,C
9.11,20.0,8.38,4.0,8.19,10.0,6,28.7,3,C
9.66,20.0,9.92,5.0,9.14,10.0,3,47.0,4,C
9.13,20.0,9.09,3.0,9.34,10.0,1,69.4,0,C
9.8,20.0,9.92,2.0,9.16,10.0,9,84.4,4,C
9.66,20.0,9.49,0.0,9.37,10.0,15,6.6,4,C
9.37,20.0,9.15,0.0,8.98,10.0,11,45.9,4,C
9.31,20.0,8.7,4.0,8.5,10.0,3,49.6,3,C
9.39,20.0,9.0,4.0,9.57,10.0,6,27.8,4,C
9.84,20.0,9.37,0.0,8.13,10.0,15,39.7,4,C
9.06,20.0,8.61,4.0,8.27,10.0,7,92.4,0,C
9.16,20.0,9.49,5.0,8.74,10.0,9,63.9,4,C
9.49,20.0,8.42,4.0,8.97,10.0,3,34.9,3,C
9.98,20.0,9.01,1.0,9.67,10.0,1,85.0,4,C
9.04,20.0,9.0,2.0,9.3,10.0,4,83.2,4,C
9.18,20.0,9.11,2.0,8.29,10.0,14,47.3,0,C
9.41,20.0,8.03,4.0,8.4,10.0,5,41.7,3,C
9.81,20.0,8.21,4.0,9.82,10.0,10,59.4,4,C
9.34,20.0,8.52,3.0,8.4,10.0,2,13.8,3,C
9.48,20.0,8.19,2.0,9.22,10.0,2,79.6,4,C
9.28,20.0,8.36,3.0,8.1,10.0,10,61.4,0,C
9.69,20.0,8.02,2.0,8.62,10.0,11,69.4,4,C
9.07,20.0,9.66,5.0,9.86,10.0,14,73.5,4,C
9.47,20.0,9.53,2.0,9.5,10.0,0,76.4,4,C
9.9,20.0,8.4,5.0,8.83,10.0,3,7.3,0,C
9.07,20.0,8.45,4.0,9.26,10.0,3,60.8,3,C
9.11,20.0,8.58,0.0,8.53,10.0,9,25.3,3,C
9.57,20.0,9.38,0.0,8.03,10.0,0,81.6,4,C
9.17,20.0,8.12,4.0,8.76,10.0,0,54.9,3,C
9.85,20.0,9.56,1.0,8.69,10.0,10,38.1,4,C
9.71,20.0,9.53,1.0,8.84,10.0,1,19.5,0,C
9.35,20.0,9.87,5.0,8.43,10.0,13,25.4,4,C
9.33,20.0,8.96,2.0,8.92,10.0,0,25.5,3,C
9.8,20.0,9.2,5.0,9.59,10.0,0,71.3,4,C
9.25,20.0,8.24,2.0,8.26,10.0,11,85.5,0,C
9.11,20.0,9.88,5.0,9.88,10.0,11,10.8,0,C
9.49,20.0,8.12,0.0,8.46,10.0,11,23.3,3,C
9.56,20.0,8.99,5.0,9.04,10.0,0,12.0,3,C
9.9,20.0,9.51,5.0,9.34,10.0,0,23.4,4,C
9.02,20.0,9.69,3.0,9.18,10.0,0,30.2,3,C
9.85,20.0,9.4,3.0,9.44,10.0,10,74.6,4,C
9.48,20.0,8.35,1.0,8.5,10.0,1,54.1,3,C
9.04,20.0,9.5,4.0,8.1,10.0,7,8.5,3,C
9.41,20.0,8.96,3.0,8.32,10.0,2,31.2,3,C
9.47,20.0,8.85,3.0,9.06,10.0,6,95.8,4,C
9.63,20.0,9.98,5.0,9.95,10.0,4,31.7,4,C
9.33,20.0,9.85,5.0,9.83,10.0,1,27.9,0,C
9.32,20.0,9.08,0.0,8.38,10.0,2,58.9,3,C
9.2,20.0,8.72,3.0,8.52,10.0,0,12.1,3,C
9.8,20.0,9.68,3.0,8.95,10.0,0,39.1,4,C
9.23,20.0,8.62,4.0,9.9,10.0,15,44.3,0,C
9.08,20.0,8.24,0.0,8.94,10.0,15,87.3,0,C
9.63,20.0,9.41,3.0,9.81,10.0,12,10.4,4,C
9.61,20.0,8.56,2.0,8.75,10.0,9,9.7,0,C
9.02,20.0,8.89,5.0,9.46,10.0,7,25.7,3,C
9.07,20.0,9.87,0.0,8.57,10.0,13,69.7,4,C
9.85,20.0,8.1,1.0,8.63,10.0,11,11.2,0,C
9.73,20.0,9.74,3.0,9.43,10.0,12,15.7,4,C
9.81,20.0,8.26,4.0,8.89,10.0,14,80.2,4,C
9.65,20.0,8.88,2.0,9.31,10.0,11,22.4,4,C
9.71,20.0,8.72,4.0,9.99,10.0,0,80.1,4,C
9.85,20.0,9.97,4.0,9.55,10.0,13,40.9,4,C
9.96,20.0,9.12,2.0,8.7,10.0,3,46.8,4,C
9.53,20.0,8.47,1.0,8.54,10.0,0,54.0,3,C
9.24,20.0,8.62,2.0,8.41,10.0,0,51.8,3,C
9.89,20.0,8.89,1.0,9.68,10.0,10,93.4,4,C
9.26,20.0,8.76,3.0,9.03,10.0,3,37.5,3,C
9.89,20.0,9.29,0.0,8.7,10.0,1,72.8,4,C
9.53,20.0,9.99,4.0,8.14,10.0,5,13.1,4,C
9.3,20.0,8.89,3.0,9.58,10.0,10,69.8,4,C
9.89,20.0,9.92,3.0,8.41,10.0,8,86.7,4,C
9.27,20.0,9.85,0.0,8.72,10.0,11,36.9,4,C
9.72,20.0,8.99,2.0,8.76,10.0,5,65.5,4,C
9.53,20.0,9.16,4.0,9.81,10.0,11,86.6,4,C
9.49,20.0,9.37,5.0,9.32,10.0,15,75.2,4,C
9.94,20.0,9.69,0.0,9.33,10.0,8,72.1,4,C
9.17,20.0,9.38,0.0,9.8,10.0,12,93.1,4,C
9.93,20.0,8.89,0.0,8.4,10.0,9,88.9,4,C
9.99,20.0,9.03,3.0,9.21,10.0,0,39.9,4,C
9.66,20.0,9.0,0.0,9.91,10.0,6,34.6,4,C
9.93,20.0,8.22,1.0,9.68,10.0,4,20.4,4,C
9.9,20.0,8.86,1.0,8.02,10.0,11,41.1,4,C
9.95,20.0,9.27,2.0,8.98,10.0,11,97.9,4,C
9.14,20.0,8.72,5.0,8.58,10.0,0,21.0,3,C
9.53,20.0,9.08,0.0,8.46,10.0,10,53.0,4,C
9.87,20.0,9.61,5.0,8.09,10.0,15,46.8,4,C
9.74,20.0,8.14,2.0,8.99,10.0,10,52.8,4,C
9.68,20.0,8.84,5.0,9.4,10.0,4,15.4,4,C
9.92,20.0,9.59,4.0,8.56,10.0,10,9.2,4,C
9.88,20.0,9.96,2.0,9.76,10.0,10,39.0,4,C
9.67,20.0,9.07,1.0,8.18,10.0,1,32.4,3,C
9.44,20.0,8.96,1.0,8.55,10.0,1,84.8,4,C
9.8,20.0,9.04,3.0,9.63,10.0,10,97.0,4,C
9.14,20.0,8.48,1.0,8.7,10.0,13,38.6,3,C
9.78,20.0,9.99,2.0,8.23,10.0,10,90.0,4,C
9.58,20.0,8.07,4.0,9.36,10.0,3,76.8,4,C
9.62,20.0,9.82,5.0,8.05,10.0,15,81.5,4,C
9.53,20.0,9.02,0.0,8.8,10.0,3,16.1,3,C
9.98,20.0,9.29,2.0,9.12,10.0,0,63.8,4,C
9.69,20.0,8.05,3.0,8.97,10.0,9,98.7,4,C
9.19,20.0,8.49,0.0,8.56,10.0,10,35.2,3,C
9.53,20.0,8.02,2.0,9.13,10.0,6,82.5,4,C
9.23,20.0,9.38,5.0,9.66,10.0,14,15.2,0,C
9.3,20.0,8.18,2.0,8.13,10.0,5,99.8,4,C
9.9,20.0,9.27,3.0,8.27,10.0,1,14.5,0,C
9.17,20.0,9.23,3.0,9.2,10.0,14,79.0,4,C
9.55,20.0,9.65,1.0,9.81,10.0,4,11.0,4,C
9.37,20.0,8.31,2.0,8.3,10.0,8,62.2,0,C
9.58,20.0,9.7,4.0,8.6,10.0,14,33.5,4,C
9.24,20.0,9.22,2.0,9.53,10.0,5,69.7,4,C
9.64,20.0,8.77,2.0,8.59,10.0,8,15.9,0,C
9.23,20.0,9.37,2.0,8.08,10.0,12,94.0,4,C
9.56,20.0,9.51,3.0,8.51,10.0,13,39.7,4,C
9.51,20.0,8.43,2.0,8.96,10.0,11,69.0,4,C
9.25,20.0,9.47,1.0,9.99,10.0,6,24.8,4,C
9.62,20.0,9.54,4.0,8.56,10.0,12,27.8,4,C
9.91,20.0,9.58,3.0,8.03,10.0,2,72.6,4,C
9.67,20.0,9.69,2.0,9.34,10.0,2,67.7,4,C
9.16,20.0,8.3,2.0,8.94,10.0,14,74.4,0,C
9.73,20.0,8.81,3.0,9.94,10.0,4,63.7,4,C
9.85,20.0,9.8,2.0,9.53,10.0,2,97.3,4,C
9.82,20.0,8.83,1.0,8.29,10.0,10,54.7,4,C
9.73,20.0,9.22,3.0,9.58,10.0,14,20.9,4,C
9.98,20.0,9.13,5.0,8.34,10.0,9,62.8,4,C
9.58,20.0,8.46,1.0,9.6,10.0,5,53.1,4,C
9.19,20.0,8.86,4.0,9.24,10.0,14,28.8,3,C
9.37,20.0,8.29,3.0,9.13,10.0,4,11.8,3,C
9.38,20.0,9.41,0.0,8.95,10.0,11,6.2,0,C
9.92,20.0,9.83,0.0,9.73,10.0,8,87.0,4,C
9.71,20.0,8.04,5.0,8.92,10.0,5,27.5,0,C
9.2,20.0,9.61,3.0,8.56,10.0,11,33.0,0,C
9.41,20.0,9.03,3.0,9.57,10.0,15,17.1,0,C
9.86,20.0,9.93,5.0,8.22,10.0,13,27.8,4,C
9.51,20.0,9.02,5.0,9.27,10.0,1,26.5,3,C
9.49,20.0,9.12,2.0,9.04,10.0,10,73.2,4,C
9.25,20.0,8.6,3.0,8.82,10.0,1,31.4,3,C
9.72,20.0,9.62,3.0,8.71,10.0,1,9.1,0,C
9.75,20.0,8.05,3.0,9.97,10.0,3,21.9,0,C
9.77,20.0,8.08,1.0,9.58,10.0,0,34.7,3,C
9.6,20.0,9.48,4.0,9.33,10.0,6,71.5,4,C
9.23,20.0,9.83,2.0,8.5,10.0,4,85.1,4,C
9.72,20.0,9.33,0.0,9.54,10.0,9,26.2,4,C
9.17,20.0,8.24,3.0,9.39,10.0,6,49.8,0,C
9.9,20.0,8.55,3.0,9.7,10.0,14,58.1,4,C
9.56,20.0,9.64,4.0,9.82,10.0,12,14.6,4,C
9.34,20.0,8.81,3.0,9.04,10.0,1,8.8,3,C
9.75,20.0,9.54,2.0,8.45,10.0,10,39.3,4,C
10.0,20.0,9.33,2.0,8.43,10.0,3,77.7,4,C
9.29,20.0,9.75,4.0,9.45,10.0,7,24.0,4,C
9.83,20.0,9.99,0.0,9.11,10.0,0,99.5,4,C
9.47,20.0,8.32,4.0,8.31,10.0,4,8.5,3,C
9.61,20.0,9.15,0.0,9.06,10.0,0,61.6,4,C
9.51,20.0,8.74,2.0,9.46,10.0,14,99.0,4,C
9.01,20.0,9.93,4.0,8.62,10.0,10,14.5,3,C
9.54,20.0,8.37,5.0,9.85,10.0,15,33.8,4,C
9.6,20.0,9.99,3.0,8.45,10.0,11,58.7,4,C
9.12,20.0,9.81,1.0,8.79,10.0,1,63.9,0,C
9.12,20.0,9.73,3.0,8.21,10.0,7,63.8,4,C
9.33,20.0,9.56,3.0,9.81,10.0,7,75.3,4,C
9.86,20.0,8.02,3.0,9.33,10.0,15,83.1,4,C
9.07,20.0,9.69,0.0,8.85,10.0,13,85.7,4,C
9.51,20.0,9.7,0.0,8.46,10.0,2,84.0,4,C
9.56,20.0,9.9,2.0,9.23,10.0,10,73.5,4,C
9.93,20.0,9.19,1.0,9.68,10.0,3,65.7,4,C
9.81,20.0,8.37,3.0,8.59,10.0,0,63.9,0,C
9.01,20.0,9.84,2.0,9.28,10.0,7,48.6,4,C
9.75,20.0,8.23,0.0,9.53,10.0,0,58.3,0,C
10.0,20.0,8.8,3.0,8.29,10.0,1,52.1,4,C
9.49,20.0,8.15,4.0,8.18,10.0,1,7.8,3,C
9.3,20.0,9.84,3.0,9.49,10.0,1,74.2,4,C
9.94,20.0,8.34,1.0,9.11,10.0,2,88.1,4,C
9.48,20.0,9.82,2.0,9.18,10.0,6,99.4,4,C
9.22,20.0,8.77,0.0,8.79,10.0,1,32.7,3,C
9.58,20.0,8.39,4.0,8.23,10.0,3,35.0,3,C
9.19,20.0,8.48,4.0,8.55,10.0,12,61.1,0,C
9.99,20.0,9.38,0.0,8.65,10.0,1,76.8,4,C
9.71,20.0,8.83,0.0,8.12,10.0,9,67.3,4,C
9.08,20.0,9.25,4.0,8.88,10.0,15,20.6,3,C
9.35,20.0,8.29,5.0,9.34,10.0,3,17.2,3,C
9.46,20.0,9.05,5.0,8.42,10.0,6,73.8,4,C
9.97,20.0,9.42,3.0,9.56,10.0,3,38.9,4,C
9.2,20.0,8.64,5.0,8.56,10.0,14,91.3,4,C
9.7,20.0,9.11,0.0,9.84,10.0,0,10.9,3,C
9.85,20.0,9.28,4.0,9.07,10.0,4,96.4,4,C
9.94,20.0,9.1,4.0,9.03,10.0,5,81.8,4,C
9.96,20.0,8.21,0.0,9.28,10.0,9,48.5,4,C
9.8,20.0,8.1,2.0,8.55,10.0,5,58.2,4,C
9.07,20.0,9.39,2.0,8.27,10.0,7,13.2,3,C
9.27,20.0,8.86,0.0,9.46,10.0,12,99.4,4,C
9.7,20.0,8.92,0.0,8.58,10.0,5,17.5,4,C
9.28,20.0,9.96,4.0,8.92,10.0,13,88.5,4,C
9.04,20.0,8.44,0.0,8.95,10.0,15,46.5,3,C
9.62,20.0,9.88,4.0,9.39,10.0,1,75.7,4,C
9.77,20.0,9.0,4.0,9.84,10.0,12,63.0,4,C
9.04,20.0,8.28,1.0,9.12,10.0,15,42.7,3,C
9.47,20.0,9.27,4.0,8.53,10.0,13,66.7,4,C
9.29,20.0,9.4,2.0,9.43,10.0,7,41.1,4,C
9.03,20.0,9.28,5.0,9.0,10.0,11,58.3,0,C
9.09,20.0,8.77,0.0,8.69,10.0,5,8.7,3,C
9.47,20.0,9.18,5.0,8.73,10.0,15,68.0,4,C
9.53,20.0,9.68,3.0,8.29,10.0,7,33.4,4,C
9.81,20.0,8.46,1.0,9.83,10.0,3,83.7,4,C
9.19,20.0,9.07,3.0,9.4,10.0,13,74.6,4,C
9.65,20.0,9.52,5.0,9.97,10.0,12,10.0,4,C
9.77,20.0,8.62,4.0,9.39,10.0,13,57.3,4,C
9.42,20.0,9.04,5.0,9.55,10.0,1,50.2,0,C
9.59,20.0,9.7,4.0,9.13,10.0,6,20.3,4,C
9.33,20.0,9.35,2.0,9.38,10.0,4,90.4,4,C
9.79,20.0,8.72,3.0,9.73,10.0,10,19.4,4,C
9.04,20.0,8.92,5.0,8.89,10.0,13,82.7,4,C
9.26,20.0,8.31,1.0,8.49,10.0,0,96.4,3,C
9.1,20.0,9.57,1.0,9.96,10.0,15,97.4,4,C
9.92,20.0,8.66,4.0,9.04,10.0,11,56.2,4,C
9.38,20.0,8.17,1.0,8.6,10.0,0,45.0,3,C
9.9,20.0,9.95,2.0,8.13,10.0,3,24.4,4,C
9.24,20.0,8.95,5.0,8.95,10.0,13,90.7,4,C
9.88,20.0,9.39,4.0,8.34,10.0,2,60.2,4,C
9.77,20.0,8.6,4.0,9.68,10.0,12,39.3,4,C
9.06,20.0,8.88,1.0,8.5,10.0,13,43.1,3,C
9.25,20.0,9.26,1.0,8.09,10.0,9,69.8,4,C
9.34,20.0,8.85,4.0,8.18,10.0,5,56.7,0,C
9.28,20.0,9.19,0.0,9.47,10.0,13,58.8,4,C
9.38,20.0,9.59,1.0,9.46,10.0,14,53.9,4,C
9.11,20.0,8.97,4.0,8.93,10.0,0,98.6,0,C
9.05,20.0,9.25,2.0,8.12,10.0,4,36.7,3,C
9.53,20.0,9.13,0.0,8.75,10.0,1,19.1,3,C
9.49,20.0,8.07,3.0,9.09,10.0,4,59.9,0,C
9.43,20.0,9.51,5.0,8.69,10.0,1,31.5,3,C
9.98,20.0,9.17,4.0,8.6,10.0,3,8.7,4,C
9.98,20.0,8.75,3.0,8.55,10.0,12,98.0,4,C
9.56,20.0,8.17,3.0,9.13,10.0,0,61.7,3,C
9.87,20.0,9.83,1.0,9.56,10.0,5,45.5,4,C
9.06,20.0,9.72,1.0,9.8,10.0,2,7.0,3,C
9.31,20.0,9.73,2.0,8.49,10.0,9,96.1,4,C
9.26,20.0,8.44,4.0,8.88,10.0,9,60.3,0,C
9.83,20.0,9.77,2.0,9.58,10.0,9,5.8,4,C
9.35,20.0,9.21,3.0,8.34,10.0,4,51.0,0,C
9.2,20.0,9.69,1.0,8.14,10.0,1,13.9,3,C
9.17,20.0,9.21,3.0,9.3,10.0,3,79.9,4,C
9.3,20.0,8.85,5.0,9.01,10.0,6,50.2,4,C
9.94,20.0,8.96,4.0,9.97,10.0,3,40.1,4,C
9.69,20.0,9.9,0.0,9.72,10.0,0,43.5,4,C
9.69,20.0,9.63,2.0,9.71,10.0,5,24.3,4,C
9.42,20.0,8.44,1.0,9.94,10.0,5,83.2,4,C
9.78,20.0,8.01,0.0,9.92,10.0,10,87.1,4,C
9.55,20.0,9.26,1.0,9.86,10.0,9,41.1,4,C
9.56,20.0,9.32,4.0,9.47,10.0,14,57.2,4,C
9.82,20.0,9.04,1.0,9.21,10.0,0,24.1,0,C
9.96,20.0,9.7,2.0,8.14,10.0,13,99.9,4,C
9.86,20.0,8.59,5.0,9.3,10.0,8,54.7,4,C
9.38,20.0,8.91,0.0,9.3,10.0,14,41.1,4,C
9.42,20.0,8.1,1.0,9.67,10.0,2,64.8,0,C
9.76,20.0,9.47,5.0,8.67,10.0,10,49.3,4,C
9.99,20.0,9.91,3.0,8.39,10.0,12,42.9,4,C
9.72,20.0,9.53,1.0,9.19,10.0,4,32.6,4,C
9.48,20.0,8.96,1.0,8.21,10.0,8,78.0,4,C
9.14,20.0,8.07,4.0,8.22,10.0,1,8.7,3,C
9.52,20.0,9.4,1.0,8.75,10.0,15,66.3,4,C
9.98,20.0,8.49,0.0,9.29,10.0,6,17.3,4,C
9.94,20.0,8.35,1.0,9.0,10.0,14,91.9,4,C
9.09,20.0,9.25,3.0,8.48,10.0,9,13.6,3,C
9.04,20.0,8.01,1.0,8.48,10.0,15,88.3,0,C
9.92,20.0,9.6,4.0,9.82,10.0,12,39.1,4,C
9.07,20.0,8.68,3.0,9.67,10.0,10,32.0,3,C
9.34,20.0,8.48,0.0,8.54,10.0,9,53.5,0,C
9.4,20.0,8.35,0.0,9.41,10.0,5,54.2,4,C
9.47,20.0,9.25,1.0,9.91,10.0,10,98.0,4,C
9.55,20.0,9.82,2.0,8.17,10.0,13,34.2,4,C
9.49,20.0,8.17,5.0,9.42,10.0,14,54.2,4,C
9.65,20.0,9.55,4.0,9.36,10.0,4,91.9,4,C
9.3,20.0,9.16,4.0,9.86,10.0,3,54.8,4,C
9.83,20.0,8.13,5.0,9.17,10.0,14,13.7,4,C
9.82,20.0,9.21,0.0,9.9,10.0,12,10.7,4,C
9.01,20.0,8.41,5.0,8.92,10.0,2,42.4,3,C
9.97,20.0,8.76,3.0,9.02,10.0,1,33.1,4,C
9.66,20.0,8.13,3.0,9.18,10.0,13,55.8,4,C
9.3,20.0,8.69,0.0,8.05,10.0,14,50.9,0,C
9.53,20.0,9.37,2.0,9.33,10.0,14,87.7,4,C
9.65,20.0,8.17,4.0,8.43,10.0,1,77.8,0,C
9.76,20.0,9.78,0.0,8.25,10.0,5,5.2,4,C
9.8,20.0,9.53,1.0,8.84,10.0,2,71.4,4,C
9.28,20.0,8.78,3.0,9.42,10.0,3,76.4,4,C
9.69,20.0,8.24,2.0,9.74,10.0,3,78.6,4,C
9.45,20.0,9.12,0.0,8.19,10.0,0,56.4,3,C
9.31,20.0,9.07,1.0,8.39,10.0,4,69.3,4,C
9.12,20.0,9.51,2.0,9.19,10.0,11,32.3,0,C
9.16,20.0,9.29,4.0,8.94,10.0,10,74.8,4,C
9.66,20.0,9.72,2.0,8.15,10.0,8,29.0,4,C
9.62,20.0,9.88,5.0,9.69,10.0,11,59.2,4,C
9.65,20.0,8.28,5.0,8.26,10.0,0,9.1,3,C
9.7,20.0,9.26,0.0,9.6,10.0,15,33.2,4,C
9.61,20.0,8.91,2.0,8.57,10.0,15,7.5,0,C
9.81,20.0,8.61,2.0,8.22,10.0,6,66.4,4,C
9.66,20.0,9.8,1.0,9.82,10.0,10,38.5,4,C
9.14,20.0,9.33,4.0,9.9,10.0,9,91.4,4,C
9.81,20.0,9.96,3.0,9.22,10.0,14,86.5,4,C
9.38,20.0,9.04,5.0,9.95,10.0,7,24.1,4,C
9.94,20.0,8.16,0.0,9.9,10.0,15,14.1,4,C
9.96,20.0,9.78,2.0,8.25,10.0,7,64.1,4,C
9.19,20.0,8.79,5.0,9.17,10.0,12,23.8,3,C
9.65,20.0,8.04,4.0,9.68,10.0,10,63.0,4,C
9.91,20.0,8.8,4.0,9.69,10.0,3,36.1,4,C
9.1,20.0,9.98,0.0,9.66,10.0,13,86.0,4,C
9.77,20.0,8.85,2.0,8.85,10.0,2,27.3,0,C
9.3,20.0,8.84,3.0,8.47,10.0,4,77.4,4,C
9.16,20.0,9.1,2.0,9.14,10.0,15,98.3,4,C
9.39,20.0,8.11,2.0,9.16,10.0,1,68.4,3,C
9.14,20.0,8.92,1.0,8.41,10.0,0,94.1,3,C
9.14,20.0,9.06,5.0,9.96,10.0,4,77.7,4,C
9.53,20.0,8.74,0.0,8.11,10.0,2,47.2,3,C
9.74,20.0,8.71,2.0,8.67,10.0,8,87.5,4,C
9.06,20.0,9.77,4.0,9.33,10.0,6,32.5,0,C
9.94,20.0,8.54,2.0,9.22,10.0,0,43.2,4,C
9.41,20.0,9.5,0.0,9.45,10.0,13,89.3,4,C
9.58,20.0,9.03,1.0,8.63,10.0,13,26.4,4,C
9.97,20.0,8.96,5.0,9.24,10.0,0,21.1,0,C
9.21,20.0,9.51,2.0,8.45,10.0,8,55.9,4,C
9.99,20.0,9.25,1.0,8.32,10.0,12,66.1,4,C
9.93,20.0,9.14,3.0,9.23,10.0,13,51.4,4,C
9.19,20.0,9.11,1.0,9.64,10.0,6,41.5,4,C
9.06,20.0,8.69,3.0,9.64,10.0,1,88.5,0,C
9.33,20.0,8.33,3.0,9.1,10.0,0,41.4,3,C
9.27,20.0,8.83,0.0,9.36,10.0,15,55.7,4,C
9.06,20.0,8.51,0.0,9.93,10.0,2,64.3,3,C
9.01,20.0,9.01,2.0,8.93,10.0,13,70.6,0,C
9.59,20.0,9.17,1.0,9.34,10.0,12,14.5,4,C
9.35,20.0,9.07,3.0,8.35,10.0,11,86.0,4,C
9.82,20.0,8.23,2.0,9.01,10.0,2,46.1,4,C
9.6,20.0,9.32,2.0,8.1,10.0,12,9.3,0,C
2.72,10.27,1.74,5.0,9.04,2.9,0,11.9,1,D
9.56,17.25,6.84,1.0,8.68,8.4,8,11.3,3,D
2.11,17.11,7.46,5.0,5.86,9.4,1,43.8,2,D
2.52,15.73,9.66,3.0,6.93,4.5,10,13.5,2,D
8.76,15.17,6.95,2.0,5.3,6.7,8,74.5,3,D
9.1,18.32,4.16,0.0,7.12,7.7,15,6.6,3,D
2.1,8.32,4.42,2.0,7.58,2.5,12,57.7,1,D
9.03,12.86,5.89,0.0,5.91,4.4,10,78.3,3,D
6.22,1.95,9.5,4.0,7.27,7.0,11,64.3,2,D
2.0,6.14,3.18,1.0,5.74,6.0,7,95.6,1,D
0.23,19.43,8.6,4.0,5.32,9.2,2,63.0,1,D
1.32,8.45,6.43,3.0,9.5,8.8,14,71.1,1,D
6.5,6.27,7.9,0.0,7.95,2.6,0,20.5,2,D
8.36,14.15,3.11,4.0,9.7,8.5,6,89.2,3,D
9.22,11.24,1.01,5.0,7.94,7.2,14,8.2,0,D
0.57,18.26,3.06,3.0,6.41,6.6,11,9.7,1,D
3.15,9.55,5.74,1.0,7.31,10.0,12,61.4,2,D
8.99,11.75,4.47,0.0,6.33,9.6,11,10.9,3,D
8.37,3.81,3.95,5.0,7.96,7.4,4,36.2,2,D
7.76,8.78,6.22,1.0,8.99,7.0,4,67.7,3,D
9.85,14.74,9.77,5.0,8.71,7.0,4,31.4,3,D
3.99,15.73,3.39,4.0,9.22,6.3,3,24.8,2,D
0.49,8.82,4.05,0.0,9.35,4.2,8,64.6,1,D
8.1,18.05,2.13,1.0,5.84,8.3,3,27.4,3,D
6.07,11.07,8.8,2.0,7.53,9.2,2,95.9,2,D
4.18,4.68,5.68,2.0,8.78,5.3,4,93.5,2,D
8.52,10.35,2.38,3.0,8.12,9.0,5,23.1,0,D
0.23,1.73,8.54,1.0,7.21,6.2,15,75.8,1,D
1.34,1.83,7.5,1.0,5.21,6.4,5,22.9,1,D
9.26,16.37,6.74,3.0,8.11,4.7,5,76.7,3,D
4.22,4.31,2.46,5.0,9.5,7.9,12,70.0,0,D
2.79,16.86,2.61,3.0,7.23,9.5,4,44.6,2,D
4.43,12.73,8.61,5.0,6.4,6.0,4,98.8,2,D
2.67,2.72,3.39,3.0,6.42,7.1,5,89.4,1,D
0.19,1.72,7.19,1.0,5.94,6.8,14,27.7,1,D
9.74,19.36,5.53,2.0,9.48,4.4,1,52.0,3,D
4.19,19.76,5.8,4.0,6.7,8.3,14,61.8,2,D
6.98,8.12,4.08,4.0,9.96,3.1,7,93.3,2,D
1.29,1.04,5.01,3.0,8.07,7.4,15,74.2,1,D
3.53,6.21,1.77,2.0,9.83,4.7,11,86.5,1,D
2.57,4.56,6.06,2.0,9.9,7.9,4,53.5,1,D
2.52,6.65,8.12,1.0,7.33,3.4,0,5.7,1,D
0.28,4.88,6.97,5.0,9.54,8.2,8,89.1,1,D
4.87,14.62,6.08,5.0,9.48,3.8,5,87.9,2,D
6.53,11.82,5.49,2.0,7.38,6.9,9,26.9,2,D
4.53,19.5,3.74,3.0,9.69,4.1,12,46.1,2,D
8.77,11.11,5.28,3.0,9.17,7.1,10,51.5,3,D
8.88,16.3,6.94,2.0,9.7,5.5,11,92.7,3,D
8.82,19.43,9.54,3.0,7.61,2.8,12,44.5,3,D
8.85,14.31,6.5,5.0,9.59,8.0,11,63.3,3,D
7.52,16.97,3.55,3.0,9.69,3.1,6,49.6,3,D
9.45,15.61,3.02,2.0,5.65,7.1,0,35.2,3,D
2.85,3.2,7.37,3.0,9.22,2.0,7,14.5,1,D
7.3,5.53,2.4,5.0,8.62,5.1,4,38.0,2,D
0.7,11.96,6.45,3.0,9.4,7.1,5,41.2,1,D
7.95,15.96,4.36,1.0,6.37,3.5,10,60.0,3,D
0.13,4.15,6.29,5.0,8.85,6.2,5,52.3,1,D
3.02,16.31,5.81,4.0,5.07,8.0,6,96.0,2,D
4.64,18.17,5.06,3.0,6.62,4.3,3,6.9,2,D
6.51,7.72,5.92,3.0,8.67,9.1,1,40.8,2,D
8.55,1.33,6.6,0.0,8.57,9.8,3,37.4,2,D
5.87,9.5,7.64,5.0,8.53,5.3,10,26.1,2,D
8.62,3.6,3.21,1.0,8.34,6.3,5,54.3,2,D
9.45,13.53,7.72,5.0,7.76,9.5,4,26.9,3,D
0.55,13.06,8.7,1.0,7.46,4.2,5,70.0,1,D
1.37,9.92,7.85,5.0,7.62,9.9,4,73.3,1,D
2.44,14.96,3.29,1.0,7.19,3.0,12,14.8,1,D
4.06,16.86,1.4,4.0,5.1,9.6,7,10.9,2,D
2.34,16.7,8.16,0.0,8.99,3.8,6,94.2,2,D
2.93,5.25,3.46,1.0,7.89,5.0,14,24.1,1,D
9.63,5.38,5.15,1.0,5.34,5.8,2,59.0,0,D
2.54,3.87,1.4,4.0,9.09,8.5,6,29.8,1,D
8.67,9.58,3.17,2.0,5.83,6.2,13,67.6,2,D
6.26,13.36,2.45,2.0,5.42,8.9,7,61.1,2,D
3.45,12.69,8.79,3.0,9.06,4.4,6,38.4,2,D
9.63,4.69,1.6,4.0,5.83,3.2,11,9.2,2,D
2.17,4.02,9.5,0.0,6.2,3.8,1,46.5,1,D
1.96,8.79,8.83,2.0,5.21,4.2,3,16.5,1,D
6.68,4.07,9.49,5.0,8.53,6.1,13,37.7,2,D
7.92,10.84,5.69,2.0,6.54,6.2,6,23.8,2,D
0.19,8.58,2.94,2.0,9.48,2.9,13,77.4,1,D
1.28,18.87,1.15,0.0,7.15,9.5,0,38.6,1,D
9.16,6.9,1.08,4.0,8.04,3.7,6,16.3,2,D
5.44,9.89,8.76,2.0,5.4,3.8,14,13.6,2,D
7.85,10.21,1.95,0.0,9.29,6.3,6,94.4,2,D
2.87,17.04,8.23,4.0,8.73,8.9,2,62.5,2,D
4.02,13.09,4.32,5.0,9.85,4.0,9,22.5,2,D
9.2,14.79,2.22,0.0,9.53,8.3,5,34.9,3,D
5.37,10.46,9.77,1.0,6.37,2.9,9,25.0,2,D
3.58,1.39,3.26,4.0,8.81,7.7,2,40.8,1,D
2.15,4.71,8.59,1.0,6.08,6.7,13,53.0,1,D
7.56,19.82,2.89,1.0,8.61,4.8,11,21.2,3,D
4.51,11.03,1.68,0.0,5.65,6.8,15,45.2,2,D
9.58,15.95,9.32,5.0,6.48,6.3,6,49.4,3,D
6.62,6.88,1.61,3.0,9.35,4.7,5,83.4,2,D
1.07,11.12,7.05,3.0,8.84,9.6,10,65.3,1,D
1.0,3.78,9.68,0.0,6.17,6.8,13,79.2,1,D
7.04,9.09,8.15,0.0,5.19,4.2,15,34.0,2,D
9.44,10.22,6.22,1.0,8.72,7.1,13,54.4,3,D
5.94,4.31,1.14,4.0,5.05,3.4,4,17.2,1,D
8.01,16.83,3.6,5.0,9.49,7.8,3,11.1,3,D
8.86,5.31,8.55,2.0,6.69,6.1,13,26.0,3,D
1.69,10.04,3.46,0.0,5.95,2.5,5,95.4,1,D
0.68,1.32,1.56,2.0,6.82,6.1,6,10.4,0,D
2.45,10.59,6.44,5.0,8.0,4.4,2,82.3,1,D
4.99,5.4,4.53,3.0,5.33,9.7,8,42.8,2,D
9.3,3.39,8.38,3.0,9.0,6.2,15,16.9,3,D
4.81,16.66,4.38,2.0,6.05,3.9,13,21.3,2,D
2.64,18.57,9.87,4.0,5.08,4.3,10,13.2,2,D
9.62,11.24,4.55,3.0,8.33,5.5,15,59.6,3,D
4.58,12.2,5.12,3.0,7.12,6.5,4,39.9,2,D
2.86,14.03,1.31,3.0,8.47,3.8,6,15.9,1,D
3.61,11.98,1.27,1.0,9.92,4.4,6,30.9,1,D
0.39,15.58,6.96,3.0,9.93,4.8,7,56.5,1,D
8.19,17.31,3.43,2.0,9.92,2.6,5,33.3,3,D
4.81,17.39,6.94,4.0,8.42,2.9,13,50.2,2,D
9.73,15.62,9.08,3.0,6.66,8.7,0,42.1,3,D
5.39,14.3,8.87,1.0,9.82,3.8,4,45.6,2,D
1.89,8.56,2.2,3.0,6.6,9.8,10,60.9,1,D
5.35,15.22,8.89,4.0,9.56,4.4,15,74.9,0,D
5.7,12.21,8.05,5.0,5.62,7.5,4,45.1,2,D
9.62,9.19,7.09,3.0,5.96,9.8,1,86.0,3,D
6.02,5.06,5.65,2.0,6.06,3.2,14,88.5,2,D
7.03,1.45,3.98,0.0,5.11,9.7,3,41.8,2,D
6.18,1.75,9.51,0.0,7.51,2.6,12,16.9,2,D
0.48,7.36,1.97,4.0,7.63,5.1,9,36.5,1,D
8.07,18.26,4.11,0.0,6.43,2.9,13,55.0,3,D
1.61,17.47,5.45,4.0,8.78,6.3,1,34.7,1,D
9.75,8.55,7.67,0.0,8.32,8.1,11,56.9,3,D
7.63,14.17,2.69,4.0,6.63,9.4,9,20.7,2,D
1.11,17.56,9.75,1.0,8.02,3.5,2,17.0,0,D
5.56,8.08,5.6,3.0,9.1,2.3,13,19.1,2,D
5.01,2.67,7.45,5.0,6.69,2.2,2,72.1,2,D
0.49,3.86,5.66,3.0,9.19,5.0,10,89.9,1,D
1.66,16.87,2.44,3.0,5.85,3.1,2,50.9,1,D
1.83,3.78,6.73,0.0,6.3,4.2,7,93.4,1,D
7.99,8.41,7.67,5.0,7.57,3.7,7,53.0,0,D
5.26,9.54,1.52,4.0,9.11,6.3,12,14.4,2,D
8.54,14.22,6.24,1.0,6.8,3.2,5,18.7,3,D
9.32,16.39,4.55,2.0,7.01,6.1,3,75.1,3,D
6.09,18.3,7.75,0.0,6.8,3.5,9,51.4,0,D
3.1,9.05,7.23,0.0,5.92,9.2,9,24.9,2,D
9.64,3.24,3.97,1.0,9.72,5.8,9,19.8,0,D
0.16,15.36,2.01,1.0,9.95,7.5,4,32.9,1,D
1.91,9.92,3.41,0.0,6.69,2.5,15,74.8,1,D
4.68,14.46,8.09,3.0,8.13,4.8,6,37.6,2,D
0.29,14.82,3.57,3.0,7.37,3.6,12,68.2,1,D
0.96,10.54,8.24,1.0,7.54,2.4,12,8.1,1,D
7.94,15.23,6.85,4.0,9.41,4.6,10,61.4,3,D
0.24,8.48,1.45,3.0,5.44,2.0,4,64.2,0,D
7.79,13.54,3.13,5.0,8.92,7.3,8,50.6,3,D
7.43,13.35,7.55,4.0,7.41,6.6,13,5.1,3,D
1.64,11.09,8.81,3.0,5.59,4.4,1,32.0,1,D
4.53,7.08,6.32,1.0,8.66,6.1,3,25.5,2,D
6.19,13.76,2.32,0.0,6.53,9.0,4,11.4,2,D
1.45,4.91,3.88,5.0,5.94,4.7,0,30.9,1,D
9.7,11.4,7.26,2.0,7.33,7.8,14,98.8,3,D
7.96,18.87,2.56,1.0,7.84,4.6,9,45.9,3,D
9.31,2.43,4.59,3.0,7.86,3.8,9,99.8,2,D
6.69,1.52,2.52,5.0,9.52,10.0,13,76.7,2,D
5.02,13.6,1.62,2.0,8.15,9.4,14,55.8,2,D
4.05,18.49,3.08,5.0,8.28,8.4,4,65.2,2,D
1.92,6.05,7.69,2.0,5.7,6.6,4,61.4,1,D
3.87,19.45,2.25,0.0,9.4,5.6,7,6.3,2,D
4.11,6.3,5.33,2.0,8.03,6.3,12,10.8,0,D
6.7,4.65,8.57,3.0,9.51,2.4,5,84.5,2,D
3.08,5.21,4.6,2.0,9.98,6.8,6,98.1,0,D
6.13,9.43,4.87,4.0,5.25,9.0,6,31.4,2,D
1.56,16.7,4.67,2.0,6.4,9.8,0,34.7,1,D
9.14,14.81,8.18,0.0,7.48,6.6,4,59.7,3,D
6.31,1.54,1.32,5.0,9.68,8.9,8,35.4,2,D
7.22,18.35,9.92,1.0,9.4,4.3,13,94.5,3,D
6.87,14.86,8.5,3.0,7.85,4.6,5,53.7,3,D
2.11,14.36,8.5,0.0,7.19,8.3,7,75.3,2,D
7.21,5.79,4.12,3.0,8.23,6.2,4,98.9,2,D
4.52,17.03,5.09,1.0,8.89,2.3,6,21.6,2,D
4.79,1.45,3.5,3.0,7.31,2.2,4,13.9,1,D
9.97,2.99,8.02,4.0,7.33,5.3,15,61.9,3,D
6.0,1.49,9.62,2.0,8.13,9.3,8,28.0,2,D
1.32,2.0,3.73,1.0,8.06,8.6,2,32.6,1,D
3.69,6.53,3.73,2.0,8.92,7.5,11,83.2,2,D
8.24,6.28,3.79,4.0,6.83,8.0,10,58.3,2,D
1.32,6.81,3.06,3.0,6.66,7.4,10,90.0,1,D
8.95,15.21,7.6,3.0,8.15,2.2,1,28.2,3,D
1.03,7.76,7.15,1.0,5.04,9.3,14,65.6,1,D
5.51,11.27,2.13,1.0,9.72,2.5,8,65.7,2,D
4.13,16.75,9.31,2.0,7.15,7.3,11,81.8,2,D
6.96,11.51,2.93,0.0,8.44,7.3,0,52.6,2,D
2.59,11.98,4.35,5.0,5.48,3.0,4,98.2,1,D
2.5,18.89,5.09,4.0,8.81,9.8,7,23.7,2,D
0.65,10.14,7.09,0.0,5.01,3.7,4,71.3,1,D
5.25,12.99,8.82,4.0,8.64,3.2,8,98.3,2,D
0.19,14.79,7.03,1.0,8.13,4.5,9,57.0,1,D
2.89,16.91,9.58,4.0,8.86,4.5,5,14.7,2,D
3.73,5.51,7.41,5.0,8.69,4.2,15,22.1,2,D
6.41,3.75,3.28,0.0,6.78,3.1,3,73.4,2,D
3.33,3.47,2.91,0.0,5.71,2.6,6,87.6,1,D
0.03,16.79,9.22,2.0,7.32,9.6,0,33.4,1,D
4.98,13.21,2.58,2.0,7.79,3.1,14,70.8,2,D
5.67,14.32,2.5,5.0,6.67,6.7,3,74.7,2,D
1.67,10.29,9.76,2.0,6.5,4.6,5,73.2,1,D
9.46,6.0,3.03,2.0,5.96,6.5,2,62.1,2,D
7.55,15.44,4.44,2.0,8.58,4.4,3,33.4,0,D
6.12,8.43,8.23,3.0,9.33,7.9,0,36.7,2,D
1.07,3.47,7.87,5.0,7.88,2.4,14,98.5,1,D
1.99,7.07,4.43,2.0,9.1,8.1,2,99.2,1,D
5.14,19.56,1.03,2.0,6.13,4.6,4,51.7,2,D
9.02,10.44,5.31,1.0,5.88,6.2,10,93.7,3,D
2.03,3.62,7.7,4.0,8.2,6.4,15,43.7,1,D
2.65,7.36,2.46,3.0,5.92,3.5,14,91.6,1,D
6.6,17.79,2.75,0.0,5.99,5.8,1,33.7,2,D
2.58,15.19,7.27,4.0,7.75,4.2,8,20.2,2,D
0.81,17.63,9.52,5.0,8.19,3.1,7,73.8,2,D
4.28,2.72,2.99,5.0,9.34,8.9,0,66.6,1,D
2.36,6.57,2.97,4.0,6.87,7.1,6,32.1,1,D
9.0,19.52,9.19,5.0,9.38,3.4,7,94.0,3,D
0.15,18.96,9.79,0.0,9.03,8.6,15,90.5,2,D
0.27,8.99,3.8,0.0,7.49,4.3,7,29.0,1,D
2.28,5.46,2.85,3.0,8.95,2.8,6,51.7,1,D
0.27,1.31,7.95,1.0,8.22,3.6,14,26.6,1,D
4.22,18.36,9.91,4.0,5.96,5.4,3,37.9,2,D
4.3,19.74,3.04,3.0,5.53,5.7,3,83.1,2,D
4.1,9.41,3.31,0.0,9.12,5.3,7,99.6,2,D
0.47,16.68,1.96,1.0,6.94,9.7,14,84.3,1,D
2.65,11.47,1.95,1.0,5.45,3.0,7,10.4,1,D
0.36,9.37,5.75,0.0,9.54,3.8,2,44.8,1,D
0.93,18.96,2.59,3.0,7.21,3.9,10,11.0,1,D
1.36,19.22,9.03,0.0,7.79,7.6,5,37.2,2,D
4.81,5.7,5.19,1.0,8.05,7.3,7,44.5,2,D
9.28,18.1,5.54,5.0,8.55,5.6,5,50.9,3,D
2.34,3.98,6.24,4.0,9.14,9.5,10,53.8,1,D
7.8,10.37,4.88,3.0,5.84,7.5,6,20.6,2,D
6.06,10.52,6.07,1.0,5.34,5.4,12,72.1,2,D
4.84,8.6,6.9,0.0,5.74,9.6,0,72.5,2,D
5.8,9.48,9.89,5.0,9.61,9.7,2,14.5,2,D
8.29,9.86,8.75,0.0,5.14,9.7,13,99.6,3,D
4.61,8.67,7.29,3.0,5.84,7.0,6,38.9,2,D
4.78,3.97,8.97,0.0,8.44,3.4,5,88.0,2,D
6.26,15.52,5.88,1.0,5.78,3.6,10,32.3,2,D
1.74,1.21,3.32,1.0,7.67,7.1,5,47.7,1,D
3.33,15.57,7.2,3.0,5.66,5.3,9,85.3,2,D
4.33,12.24,2.92,2.0,6.78,6.8,12,60.7,2,D
1.17,1.84,2.11,4.0,5.51,6.6,2,81.1,1,D
3.43,18.03,4.27,1.0,8.0,2.6,7,91.4,2,D
6.41,5.83,5.91,4.0,7.64,2.4,5,91.8,2,D
2.35,8.82,3.09,5.0,9.26,5.3,5,58.8,1,D
6.12,1.93,6.21,3.0,7.55,8.4,3,99.8,2,D
6.01,15.38,6.54,0.0,7.51,9.6,0,88.3,2,D
1.56,5.98,9.58,4.0,6.56,8.9,0,19.2,1,D
0.26,9.04,4.6,4.0,9.29,7.3,8,86.2,1,D
4.77,13.35,6.23,4.0,9.1,4.3,15,91.6,2,D
7.44,8.8,1.88,5.0,9.46,9.3,3,44.3,2,D
0.74,14.47,2.64,4.0,8.33,2.8,7,98.5,1,D
3.02,19.47,6.35,1.0,7.03,4.8,6,27.6,2,D
9.12,5.06,2.42,3.0,6.8,9.6,3,49.8,2,D
3.09,11.5,9.67,4.0,8.41,5.7,3,35.1,2,D
8.57,15.86,3.8,2.0,8.27,9.3,7,77.0,3,D
5.46,9.43,5.5,5.0,6.18,5.8,11,53.7,2,D
4.92,18.43,9.37,0.0,8.01,7.2,11,59.9,3,D
2.81,12.44,4.94,4.0,5.85,3.7,14,55.4,1,D
5.44,10.93,7.09,3.0,5.79,8.0,12,7.3,2,D
8.99,8.82,3.32,1.0,8.11,2.3,14,11.0,2,D
7.11,7.07,9.03,0.0,5.88,7.2,0,8.4,2,D
0.17,6.94,9.68,3.0,9.34,5.8,10,80.1,1,D
10.0,4.28,9.19,4.0,7.11,6.1,8,69.9,3,D
7.17,3.57,6.93,5.0,9.87,6.5,0,22.5,2,D
9.61,12.46,8.81,5.0,9.37,4.2,10,75.4,3,D
0.28,15.38,3.1,0.0,5.88,4.0,3,15.0,1,D
2.65,1.88,9.12,4.0,7.34,7.4,8,30.3,1,D
0.59,11.55,7.29,4.0,8.91,2.6,7,93.3,1,D
2.72,4.24,5.39,5.0,9.77,9.4,11,93.0,1,D
3.32,4.43,8.39,4.0,9.71,5.6,6,23.0,2,D
6.49,1.59,8.85,3.0,9.93,4.3,9,24.8,2,D
8.71,8.5,2.59,2.0,7.41,7.4,8,13.0,2,D
6.64,16.48,4.74,0.0,7.85,8.2,13,75.5,3,D
7.32,12.74,4.98,3.0,5.0,7.7,14,75.2,2,D
8.05,2.14,9.68,1.0,8.13,4.4,0,86.2,2,D
1.31,3.64,3.99,4.0,5.17,5.4,2,10.9,1,D
2.05,16.29,8.25,4.0,7.28,3.0,6,77.8,2,D
0.64,3.2,3.37,2.0,8.7,5.1,8,29.4,1,D
7.54,18.22,7.22,2.0,6.38,3.7,0,53.6,3,D
0.22,6.64,4.03,2.0,5.44,6.7,12,82.9,1,D
9.82,10.86,3.64,1.0,6.25,3.9,7,24.2,3,D
5.74,17.17,4.42,1.0,9.83,7.8,14,73.0,2,D
9.67,2.05,7.36,4.0,7.8,4.0,15,88.2,3,D
9.72,17.09,3.87,3.0,5.29,5.8,13,65.7,3,D
4.78,18.88,9.09,2.0,9.97,3.8,13,76.4,3,D
0.11,4.4,6.21,2.0,8.12,7.6,5,23.5,1,D
5.07,6.3,7.01,3.0,7.0,9.6,13,23.6,2,D
7.36,9.15,9.11,0.0,7.12,8.7,4,68.2,3,D
6.79,16.91,7.03,1.0,6.66,8.8,13,78.1,3,D
8.88,5.19,7.51,4.0,5.34,7.9,6,98.4,3,D
8.62,8.64,4.39,5.0,5.77,3.4,3,49.6,2,D
3.28,13.44,5.69,3.0,9.2,3.9,12,21.5,2,D
2.13,12.71,3.79,1.0,7.26,10.0,7,12.4,1,D
9.5,17.41,5.9,5.0,7.72,5.2,15,51.1,3,D
3.37,10.33,2.48,5.0,5.61,5.3,7,92.4,1,D
3.61,1.11,6.79,2.0,6.22,5.1,10,35.0,1,D
7.28,9.35,9.51,0.0,9.93,9.5,2,25.1,3,D
6.4,9.1,1.55,5.0,8.43,8.4,12,33.5,2,D
6.95,3.18,7.99,5.0,7.47,9.2,4,12.5,2,D
8.71,10.68,4.54,1.0,7.69,5.2,7,50.4,3,D
2.59,4.59,4.47,0.0,6.75,8.9,3,46.6,1,D
7.6,11.36,8.69,3.0,8.94,9.4,9,32.2,3,D
1.96,19.85,6.77,3.0,6.44,3.5,11,54.0,2,D
4.7,8.62,7.6,5.0,9.83,8.4,6,16.7,2,D
3.72,19.69,1.36,1.0,7.1,10.0,3,76.3,2,D
0.78,10.68,4.78,2.0,7.45,3.0,2,14.4,1,D
2.86,18.77,2.08,3.0,9.62,6.5,7,31.0,2,D
9.73,7.9,8.21,0.0,8.52,8.4,7,54.0,3,D
9.88,10.96,9.95,3.0,5.41,2.8,14,56.6,3,D
4.55,8.18,8.36,5.0,7.88,2.0,5,89.8,2,D
3.27,13.23,2.32,2.0,8.18,8.1,9,35.7,2,D
9.22,9.33,5.11,2.0,9.08,2.9,3,74.7,3,D
8.45,14.12,4.3,5.0,5.1,3.7,0,62.0,2,D
1.58,2.3,4.31,1.0,8.31,6.1,13,55.8,1,D
0.94,3.92,9.99,2.0,5.96,8.3,5,67.4,1,D
7.88,12.03,2.83,0.0,8.31,8.8,12,83.7,3,D
0.15,10.77,3.7,5.0,5.14,3.1,8,74.4,1,D
3.56,19.39,2.08,4.0,9.14,4.8,2,73.7,2,D
2.26,12.07,6.13,0.0,6.23,7.6,11,85.8,2,D
5.68,12.96,6.15,5.0,9.13,9.9,5,88.6,2,D
4.9,16.78,8.07,2.0,5.8,3.8,7,73.7,2,D
1.69,3.05,2.74,3.0,9.83,4.1,10,18.5,1,D
0.89,4.13,6.57,0.0,7.6,5.4,3,98.3,1,D
1.49,16.69,5.39,4.0,6.98,4.4,1,25.0,1,D
8.07,4.1,8.09,3.0,9.68,4.0,11,91.8,3,D
1.36,3.17,2.21,4.0,9.07,3.2,11,48.5,1,D
9.07,15.68,4.51,5.0,7.97,8.0,2,28.7,3,D
9.49,13.24,4.87,0.0,5.74,4.5,14,88.4,3,D
5.91,17.9,4.62,3.0,8.11,7.9,8,38.8,2,D
6.54,6.23,4.9,1.0,7.45,5.6,0,32.1,2,D
0.15,1.22,5.53,0.0,9.32,4.7,15,58.0,1,D
4.75,7.87,5.5,3.0,6.92,4.4,11,28.2,2,D
7.84,6.36,8.89,3.0,6.06,6.6,11,73.5,3,D
5.25,8.0,1.37,5.0,5.62,3.0,4,49.2,1,D
3.11,9.51,5.98,1.0,7.18,8.2,9,92.0,2,D
9.8,5.99,9.75,4.0,9.67,9.2,2,80.0,3,D
1.59,7.71,6.27,2.0,7.77,7.5,10,95.6,1,D
7.89,11.31,3.53,4.0,9.96,8.4,1,20.2,2,D
0.87,16.38,2.72,0.0,6.14,8.9,4,18.0,1,D
9.47,4.36,5.51,2.0,8.17,6.3,10,78.0,3,D
4.1,9.68,7.85,3.0,7.79,9.0,4,10.2,2,D
2.32,14.6,4.38,1.0,5.57,4.0,4,42.7,1,D
7.32,3.55,9.55,3.0,5.99,5.1,2,11.7,2,D
9.26,8.23,4.4,5.0,7.17,7.5,5,34.7,3,D
1.1,3.45,7.91,4.0,6.15,3.6,11,27.9,1,D
2.82,16.73,1.57,0.0,9.85,3.6,9,51.6,2,D
1.31,2.94,8.66,4.0,7.68,7.2,14,58.9,1,D
2.58,3.18,7.68,5.0,8.37,6.5,5,51.3,1,D
7.59,3.99,4.08,5.0,6.43,3.8,12,23.8,2,D
0.68,6.07,2.82,1.0,5.35,9.8,0,14.1,1,D
9.01,1.25,5.7,0.0,9.63,6.5,4,68.7,0,D
5.48,9.34,2.3,4.0,5.96,5.2,11,34.7,2,D
8.35,6.93,7.83,1.0,5.27,4.7,9,46.0,2,D
6.99,14.71,3.21,4.0,7.07,3.9,3,10.0,2,D
3.37,14.9,5.05,2.0,6.48,4.7,12,60.3,2,D
4.7,12.91,6.47,3.0,9.36,8.0,2,17.6,2,D
6.98,10.21,8.18,0.0,5.24,7.1,14,68.7,2,D
5.15,16.36,7.47,0.0,6.35,4.1,9,47.4,2,D
6.15,16.46,3.93,5.0,8.62,5.3,10,40.9,2,D
3.55,14.07,6.59,0.0,7.46,7.8,15,44.1,2,D
4.45,1.87,3.3,5.0,6.01,4.9,3,10.4,1,D
1.79,10.02,2.07,3.0,6.72,9.8,3,21.6,1,D
6.9,4.08,6.81,5.0,7.94,4.7,14,77.7,2,D
2.79,13.18,6.11,1.0,8.21,8.3,0,70.2,2,D
6.04,15.09,8.47,4.0,8.29,4.1,8,19.9,2,D
5.56,18.76,9.55,4.0,6.13,3.3,4,10.9,2,D
8.59,6.64,8.07,5.0,9.29,6.6,11,41.2,3,D
4.89,12.04,6.3,4.0,6.38,6.6,12,65.3,2,D
6.03,5.55,2.51,2.0,5.25,9.0,2,37.3,2,D
9.27,13.54,9.15,4.0,5.43,7.6,9,49.7,3,D
0.65,19.85,1.01,3.0,5.04,8.8,5,36.2,1,D
3.56,6.43,8.13,1.0,6.82,5.7,11,84.2,2,D
5.35,1.5,3.43,0.0,6.14,3.3,4,25.9,1,D
9.3,8.02,3.52,5.0,9.05,4.0,15,31.9,3,D
1.07,17.83,5.18,2.0,7.29,5.6,1,18.2,1,D
4.26,8.9,9.89,3.0,9.32,4.5,4,91.1,2,D
3.66,9.29,2.15,1.0,8.69,3.8,3,37.0,1,D
7.42,4.84,5.27,3.0,9.06,4.5,13,27.1,2,D
1.8,13.77,3.26,4.0,9.29,7.7,1,72.4,1,D
3.08,14.69,2.47,2.0,7.57,3.2,7,8.8,1,D
7.72,11.32,6.12,1.0,6.43,4.6,13,55.5,2,D
3.08,10.94,5.4,3.0,5.51,5.3,14,51.5,1,D
5.88,5.06,1.9,2.0,5.0,2.3,1,27.5,1,D
9.35,4.25,3.13,5.0,9.37,3.9,3,82.0,2,D
2.79,7.17,9.73,5.0,9.2,4.5,2,92.1,2,D
6.84,15.33,4.96,4.0,8.08,2.5,8,18.2,2,D
2.87,12.32,9.71,2.0,8.12,4.0,1,60.4,2,D
6.84,14.88,4.27,4.0,8.15,8.6,2,32.2,2,D
6.82,13.24,1.51,1.0,7.83,5.7,0,62.2,2,D
8.28,19.29,8.1,1.0,6.17,2.8,4,35.7,3,D
0.13,14.08,7.42,5.0,8.09,5.7,4,73.0,1,D
3.8,17.95,4.97,2.0,5.54,5.5,6,50.6,2,D
4.36,16.77,9.13,5.0,5.05,4.0,10,39.6,2,D
9.89,13.71,1.73,0.0,8.14,6.5,10,67.2,3,D
7.8,16.8,3.52,2.0,5.51,7.7,1,70.9,3,D
5.84,19.78,9.23,0.0,9.97,6.9,0,22.7,3,D
3.94,1.39,5.99,5.0,7.5,6.1,0,10.5,1,D
3.29,6.94,2.38,2.0,5.89,2.4,11,18.6,1,D
8.06,7.85,8.4,5.0,7.54,9.8,3,77.5,3,D
4.41,14.86,7.7,2.0,6.62,7.5,15,64.5,2,D
7.57,7.08,6.64,2.0,5.16,9.7,8,62.7,2,D
6.41,1.85,5.32,5.0,9.87,5.6,9,58.2,2,D
4.02,10.89,6.13,4.0,8.55,7.7,10,71.6,2,D
3.24,19.97,4.83,2.0,7.63,7.3,3,90.3,2,D
8.78,11.34,4.45,2.0,8.27,2.1,7,88.8,3,D
8.54,6.43,1.73,4.0,8.16,4.8,7,38.6,2,D
2.84,7.69,7.5,0.0,7.67,3.5,0,40.1,1,D
5.84,15.17,2.66,5.0,9.35,9.7,4,79.4,2,D
9.2,10.41,3.82,5.0,6.05,3.7,11,70.0,3,D
3.25,9.6,5.04,0.0,6.32,3.5,3,38.9,1,D
2.38,10.98,6.48,2.0,8.96,9.2,9,84.3,2,D
3.39,13.67,7.52,1.0,5.85,8.3,12,64.8,2,D
7.31,11.26,7.83,2.0,7.27,3.1,8,18.5,2,D
6.58,13.99,8.81,4.0,7.96,9.1,6,58.5,3,D
2.93,11.84,8.25,4.0,7.5,5.8,4,47.9,2,D
8.03,4.13,4.87,0.0,9.77,7.7,14,19.6,2,D
5.17,8.92,9.02,4.0,5.68,6.7,0,36.0,2,D
4.96,7.58,5.06,2.0,9.05,10.0,7,87.2,2,D
4.46,12.05,9.97,0.0,5.66,6.1,5,27.7,2,D
9.91,7.53,8.48,2.0,8.08,8.9,0,79.0,3,D
9.89,13.62,2.47,0.0,6.97,7.3,11,97.8,3,D
2.07,10.42,5.44,2.0,6.74,6.0,13,48.7,1,D
0.38,4.4,5.16,5.0,6.34,8.6,3,91.8,1,D
1.89,18.75,3.06,5.0,5.08,3.9,10,21.7,1,D
3.49,10.99,3.95,3.0,9.87,8.6,2,47.3,2,D
0.43,19.68,3.7,0.0,9.75,9.4,11,60.5,1,D
7.21,3.39,9.25,1.0,8.73,8.0,6,96.2,0,D
4.02,19.34,8.13,1.0,9.55,3.9,14,72.2,2,D
8.74,13.81,4.05,5.0,9.33,6.2,3,51.2,3,D
9.53,15.75,6.75,3.0,6.38,6.4,4,6.9,3,D
8.91,9.0,1.47,4.0,5.25,2.6,12,15.1,2,D
2.68,4.03,4.38,2.0,9.18,3.5,11,39.7,1,D
4.42,16.73,1.39,5.0,6.7,4.1,4,54.5,2,D
6.86,3.82,1.63,1.0,7.87,6.0,11,70.6,2,D
2.53,2.29,1.96,1.0,5.17,2.3,7,97.3,1,D
1.22,6.44,5.16,1.0,5.62,4.3,6,5.7,1,D
5.13,12.24,7.63,1.0,5.61,8.7,2,90.2,2,D
9.06,16.68,4.72,0.0,5.63,7.6,12,96.5,3,D
5.03,12.8,8.73,1.0,8.04,2.2,11,25.7,2,D
9.58,1.95,3.82,0.0,7.12,3.9,4,5.3,2,D
2.55,8.18,7.75,2.0,7.83,7.9,9,30.1,0,D
9.94,5.44,4.3,1.0,6.1,6.1,4,57.9,3,D
3.86,8.11,6.2,3.0,6.87,4.2,4,19.6,0,D
5.79,6.84,8.94,1.0,7.15,8.1,3,42.7,2,D
6.87,2.18,2.19,2.0,8.77,7.6,8,29.2,2,D
1.53,6.29,6.14,5.0,9.87,3.1,4,49.5,1,D
6.96,10.6,4.72,5.0,5.28,9.1,12,90.2,2,D
3.29,10.66,2.72,0.0,8.35,8.8,5,83.0,2,D
5.71,18.03,7.56,0.0,9.79,9.5,11,29.8,3,D
0.11,15.66,8.28,0.0,7.25,2.8,12,72.5,1,D
9.44,8.1,5.16,2.0,7.09,7.4,0,67.0,3,D
9.15,14.07,3.55,3.0,9.03,9.7,9,99.4,3,D
8.06,12.86,5.0,2.0,9.33,6.4,3,81.2,3,D
4.22,8.93,6.65,3.0,6.3,8.1,4,83.0,2,D
1.8,18.35,7.99,4.0,5.84,7.1,5,87.7,2,D
6.17,7.68,3.73,2.0,5.44,2.0,6,23.7,2,D
0.73,12.62,4.9,3.0,6.89,2.0,10,71.2,1,D
9.4,5.0,6.7,4.0,6.37,7.3,13,59.3,3,D
0.64,1.07,5.22,1.0,5.17,7.7,6,63.4,1,D
3.55,16.15,7.38,3.0,6.21,8.3,11,39.9,2,D
9.6,14.6,3.09,2.0,7.53,4.9,7,92.8,3,D
3.44,6.97,1.97,2.0,7.08,8.7,15,82.7,1,D
4.61,9.61,4.79,3.0,7.35,4.9,0,21.6,2,D
5.16,11.31,6.36,4.0,7.83,9.3,10,5.7,2,D
9.86,7.76,2.58,2.0,8.89,6.1,1,70.6,3,D
1.8,4.0,9.16,5.0,6.34,8.2,1,87.0,1,D
8.86,16.64,3.21,0.0,5.43,5.2,3,53.3,3,D
9.4,17.04,2.51,1.0,6.72,4.6,1,46.6,3,D
9.64,3.61,9.65,1.0,9.34,2.8,10,7.3,3,D
0.05,10.9,6.56,3.0,8.87,9.2,11,95.8,1,D
0.87,10.47,4.39,0.0,7.45,3.6,2,32.6,1,D
0.32,4.39,8.54,5.0,6.46,8.3,12,45.9,1,D
3.27,1.5,5.27,2.0,5.75,9.4,0,73.2,1,D
2.39,15.52,4.39,1.0,5.49,8.2,8,83.3,2,D
3.28,15.51,3.55,1.0,8.02,7.0,3,14.0,2,D
0.88,15.76,3.58,5.0,5.31,3.7,4,73.0,1,D
8.06,6.87,7.47,4.0,7.11,4.5,11,6.5,2,D
3.59,3.58,5.7,4.0,6.08,8.8,2,32.1,1,D
3.16,10.17,9.75,3.0,6.81,6.4,13,52.1,2,D
4.11,17.45,4.08,0.0,6.65,8.1,11,95.3,2,D
6.45,4.82,2.3,3.0,8.04,8.2,12,40.7,2,D
6.24,5.8,3.77,0.0,6.11,8.2,9,53.4,2,D
6.21,19.87,6.86,4.0,6.95,5.5,4,70.7,3,D
9.35,12.28,9.69,5.0,8.54,2.6,4,44.2,3,D
4.03,16.12,2.11,2.0,6.14,4.9,1,74.5,2,D
1.2,10.25,2.4,5.0,5.58,8.1,8,20.0,1,D
6.45,2.27,3.73,0.0,8.48,8.4,13,50.5,2,D
9.94,17.49,6.47,5.0,5.19,8.0,14,96.4,3,D
4.34,2.99,5.41,5.0,7.26,3.4,3,66.7,1,D
2.61,6.0,3.58,1.0,9.95,8.1,12,34.4,1,D
5.28,10.99,8.56,5.0,5.84,2.4,3,78.4,2,D
0.48,3.67,3.72,5.0,6.24,9.8,3,10.4,1,D
1.81,11.49,9.65,5.0,6.11,2.8,0,8.8,1,D
0.72,7.87,2.0,3.0,6.36,5.1,1,39.2,1,D
0.59,7.53,5.19,0.0,6.01,2.1,3,12.9,1,D
3.76,15.47,6.18,2.0,6.36,5.5,10,30.1,2,D
5.92,8.04,1.07,2.0,7.66,8.2,12,91.7,2,D
9.43,7.26,6.43,2.0,9.02,2.1,1,42.4,3,D
9.46,17.76,7.38,0.0,8.5,7.3,1,63.3,3,D
9.66,8.33,8.0,4.0,5.01,4.8,9,68.6,3,D
3.33,4.4,3.65,4.0,9.75,9.3,6,55.0,1,D
1.59,15.54,7.38,2.0,6.02,9.9,8,68.3,2,D
7.49,3.92,1.43,4.0,5.83,6.5,10,9.3,2,D
6.6,2.67,6.4,1.0,9.41,6.4,12,42.3,2,D
3.95,3.37,8.53,1.0,6.44,3.1,12,24.6,1,D
0.32,18.87,9.33,3.0,8.76,8.1,6,44.3,2,D
4.1,15.24,1.7,4.0,5.99,5.0,3,79.4,2,D
9.5,15.57,4.93,4.0,8.79,7.2,7,61.4,3,D
4.6,19.21,8.95,2.0,6.67,7.5,3,69.7,2,D
3.08,9.53,1.58,0.0,8.73,3.6,7,72.0,1,D
9.71,10.34,9.98,0.0,7.02,2.3,8,95.9,3,D
9.86,15.7,4.07,1.0,8.84,4.0,12,46.5,3,D
7.13,18.27,9.62,1.0,8.9,3.3,15,12.7,3,D
3.07,9.04,2.86,1.0,8.31,9.2,3,44.0,1,D
6.21,15.09,8.18,2.0,7.98,9.8,0,38.8,0,D
0.29,14.78,6.95,5.0,9.13,5.0,15,87.1,1,D
5.82,11.13,5.09,1.0,7.69,9.2,14,27.9,2,D
7.58,2.48,3.33,0.0,9.94,2.9,13,29.8,2,D
2.5,17.69,3.64,5.0,10.0,4.3,6,37.3,2,D
2.6,9.9,7.83,3.0,5.4,6.7,14,43.6,0,D
9.17,5.13,7.69,0.0,9.72,4.4,6,84.4,3,D
3.44,3.43,8.73,0.0,7.66,7.7,9,72.7,2,D
5.46,10.18,5.59,3.0,6.96,9.1,11,34.5,2,D
1.21,3.08,9.19,5.0,8.41,4.6,4,55.2,1,D
7.37,5.86,4.52,0.0,8.59,5.7,7,65.1,2,D
5.75,2.89,6.54,1.0,9.52,3.6,12,20.7,2,D
5.35,18.43,6.15,0.0,5.74,5.0,5,45.0,2,D
7.58,18.47,4.38,1.0,8.46,3.1,5,60.3,3,D
3.62,3.61,4.88,3.0,5.36,6.5,7,50.6,1,D
6.57,9.95,4.86,2.0,8.99,3.1,9,81.3,2,D
4.97,2.24,5.6,4.0,6.47,5.4,6,59.2,2,D
1.7,12.96,9.65,5.0,9.77,3.1,4,25.6,2,D
8.04,2.13,9.84,1.0,9.9,7.1,13,74.7,3,D
7.93,11.36,3.85,3.0,8.48,2.1,4,65.7,2,D
6.87,8.96,6.59,4.0,6.82,4.5,3,22.9,2,D
1.15,6.6,5.92,0.0,8.46,4.2,3,64.5,1,D
2.7,5.99,2.29,5.0,7.44,5.0,0,17.2,1,D
7.89,9.86,5.83,2.0,8.37,4.7,6,33.9,2,D
3.9,12.24,2.06,5.0,8.13,8.8,3,33.0,2,D
7.75,6.8,7.9,1.0,5.52,8.3,0,34.6,2,D
1.95,3.29,6.34,3.0,9.98,7.9,11,75.1,1,D
5.17,15.26,5.75,2.0,6.55,2.6,5,29.4,2,D
7.19,11.61,7.74,3.0,5.2,9.6,0,19.3,2,D
3.73,10.5,3.5,4.0,5.84,9.5,11,24.7,0,D
9.24,13.71,9.55,1.0,5.73,7.9,13,80.1,3,D
1.66,5.45,9.27,2.0,8.14,5.9,10,82.2,1,D
3.48,7.68,3.37,1.0,5.32,3.5,4,39.5,1,D
9.32,13.76,5.56,3.0,7.51,2.8,3,42.9,3,D
6.29,19.72,8.46,4.0,6.43,8.7,0,38.2,3,D
7.67,16.63,5.76,4.0,9.04,10.0,1,15.5,3,D
4.67,6.88,5.04,0.0,5.48,5.9,11,40.3,2,D
9.3,2.11,2.76,2.0,6.06,2.2,11,80.9,2,D
7.74,4.73,7.59,5.0,9.42,6.5,9,18.0,2,D
3.92,2.4,8.83,2.0,8.89,6.5,0,39.1,2,D
0.39,2.55,7.14,1.0,8.48,2.1,3,23.2,1,D
3.95,8.27,9.37,2.0,8.22,2.1,4,11.6,2,D
9.41,19.24,1.32,4.0,7.39,5.9,6,41.7,3,D
2.58,11.42,9.87,0.0,8.17,7.1,11,41.3,2,D
5.68,11.42,1.04,0.0,9.98,9.4,13,46.5,2,D
4.6,6.97,1.31,0.0,5.4,8.8,13,93.6,2,D
9.62,13.18,7.47,1.0,5.13,6.9,8,19.2,3,D
5.37,11.86,3.79,1.0,6.71,5.5,2,56.0,2,D
5.7,2.27,5.18,3.0,7.88,5.3,5,95.0,2,D
4.29,10.59,6.61,3.0,9.34,5.6,13,50.2,2,D
8.97,17.56,7.65,1.0,7.44,8.6,14,76.1,3,D
6.81,13.61,4.54,4.0,7.38,9.4,4,59.9,2,D
3.83,8.04,3.98,4.0,9.99,9.8,15,86.0,2,D
5.0,17.36,5.37,1.0,8.28,8.1,4,59.8,2,D
7.06,17.66,7.18,3.0,8.58,6.3,12,99.4,3,D
6.59,9.59,7.65,1.0,5.1,2.3,9,46.0,2,D
9.92,10.43,2.56,3.0,8.99,6.0,11,41.7,3,D
6.04,5.64,4.58,0.0,8.47,7.7,0,36.9,2,D
7.8,17.89,5.29,1.0,6.25,8.9,1,25.2,3,D
7.31,18.97,5.49,3.0,5.13,4.9,2,31.3,0,D
2.44,2.85,7.58,1.0,8.8,9.0,7,13.5,1,D
7.07,9.12,8.21,0.0,8.76,5.2,6,13.4,2,D
3.61,3.48,7.8,4.0,9.46,9.7,6,53.8,2,D
4.63,6.37,4.13,5.0,8.4,7.8,13,52.3,2,D
5.37,15.57,7.06,0.0,6.62,3.5,4,78.6,2,D
5.66,17.93,3.62,1.0,5.74,7.8,11,75.2,2,D
5.35,1.95,4.66,5.0,5.47,7.2,2,31.5,1,D
6.65,9.64,3.8,0.0,8.57,6.0,5,99.9,2,D
8.01,4.43,8.87,2.0,9.42,3.4,13,78.4,3,D
6.17,9.53,3.41,1.0,6.86,2.3,15,84.6,2,D
0.9,19.98,4.31,1.0,7.29,3.3,15,83.8,1,D
5.17,15.14,1.35,5.0,7.22,9.4,6,45.7,2,D
7.78,5.22,2.46,1.0,7.77,8.1,5,10.0,2,D
4.4,19.89,1.18,5.0,9.89,9.9,5,94.1,2,D
9.61,13.89,2.57,4.0,7.85,8.8,0,93.1,3,D
4.38,12.45,5.03,5.0,9.56,2.4,14,75.7,2,D
0.89,8.93,9.51,1.0,7.39,5.8,11,25.7,1,D
8.85,1.76,8.77,2.0,7.78,9.9,4,28.4,3,D
5.25,18.61,8.2,1.0,6.13,4.2,0,97.2,2,D
7.37,6.88,6.9,5.0,6.33,5.7,12,36.2,2,D
6.67,11.71,9.44,4.0,9.88,3.9,9,43.8,3,D
7.89,10.78,3.77,5.0,5.3,10.0,13,83.7,0,D
2.68,16.86,8.68,2.0,6.04,4.9,9,86.1,2,D
6.4,12.72,4.95,3.0,8.31,6.9,8,39.6,2,D
8.88,8.6,6.3,3.0,8.6,0.0,4,25.4,0,E
9.47,1.61,1.62,5.0,3.2,0.0,0,9.7,2,E
9.2,11.03,9.71,4.0,9.35,0.0,15,17.6,3,E
4.71,16.78,5.14,2.0,6.96,0.0,13,12.9,2,E
5.07,15.79,3.48,5.0,1.07,0.0,2,26.3,0,E
4.6,8.71,4.45,4.0,3.57,0.0,3,25.4,1,E
9.94,14.62,7.35,4.0,3.14,0.0,3,17.9,3,E
1.83,11.07,6.96,1.0,6.38,0.0,6,7.3,1,E
1.01,17.31,2.57,5.0,0.01,0.0,5,35.4,1,E
4.04,13.56,9.62,0.0,5.17,0.0,6,32.1,2,E
3.66,2.63,4.53,1.0,6.51,0.0,12,24.0,1,E
8.52,6.32,6.96,4.0,3.77,0.0,12,28.0,2,E
3.8,8.23,1.98,5.0,1.99,0.0,10,14.7,1,E
6.14,16.85,5.6,0.0,3.15,0.0,8,18.6,2,E
3.06,11.56,3.17,4.0,8.99,0.0,12,14.5,1,E
0.57,19.9,9.31,5.0,4.9,0.0,10,15.3,1,E
4.37,19.62,9.26,5.0,8.48,0.0,6,5.6,2,E
9.13,4.21,1.01,2.0,6.57,0.0,12,8.1,2,E
2.3,11.36,6.45,3.0,7.4,0.0,4,12.5,1,E
3.41,3.95,5.47,4.0,2.55,0.0,9,37.6,1,E
1.83,5.42,7.89,4.0,3.32,0.0,2,22.2,1,E
4.75,6.15,3.16,2.0,9.08,0.0,13,37.6,1,E
5.3,4.42,7.37,2.0,7.95,0.0,13,10.4,2,E
7.85,2.21,4.83,5.0,3.21,0.0,2,11.6,2,E
3.27,17.4,1.36,0.0,7.82,0.0,11,22.1,1,E
6.21,15.86,5.16,0.0,1.48,0.0,13,16.0,2,E
3.5,4.21,9.85,0.0,6.5,0.0,15,27.1,1,E
1.54,19.21,1.79,2.0,2.82,0.0,7,5.8,1,E
9.12,16.73,2.41,0.0,8.74,0.0,11,9.2,3,E
2.37,10.02,2.69,5.0,8.35,0.0,9,18.9,1,E
9.71,7.17,8.75,3.0,8.72,0.0,2,13.4,3,E
4.22,3.06,9.5,0.0,6.87,0.0,9,17.2,1,E
3.58,14.84,7.53,3.0,2.84,0.0,4,16.8,0,E
3.84,1.7,7.26,4.0,7.71,0.0,12,37.8,1,E
3.91,17.77,8.47,0.0,5.1,0.0,15,26.8,2,E
2.86,17.99,4.52,2.0,0.37,0.0,4,16.2,1,E
9.6,16.15,8.71,3.0,1.77,0.0,1,17.9,3,E
1.9,14.42,3.85,1.0,3.24,0.0,13,27.9,1,E
4.06,4.35,6.0,0.0,9.44,0.0,5,33.6,1,E
2.39,15.14,6.66,5.0,3.3,0.0,5,16.3,1,E
7.04,8.72,6.55,0.0,1.76,0.0,4,35.2,2,E
3.55,11.21,8.52,1.0,7.51,0.0,6,23.7,2,E
9.03,14.01,2.27,3.0,5.77,0.0,15,26.3,2,E
9.34,18.31,6.03,1.0,2.8,0.0,15,8.2,3,E
4.52,12.55,4.79,0.0,5.7,0.0,3,24.9,2,E
1.4,19.52,8.2,3.0,4.75,0.0,1,12.9,1,E
5.22,15.27,8.63,1.0,8.7,0.0,11,12.6,2,E
9.78,19.0,7.95,2.0,1.61,0.0,15,29.2,3,E
3.96,4.37,4.88,4.0,2.02,0.0,10,16.3,1,E
8.12,2.85,3.57,5.0,9.81,0.0,4,31.6,2,E
7.89,19.85,5.49,1.0,8.9,0.0,0,22.9,3,E
3.19,13.83,4.12,3.0,3.4,0.0,1,9.5,1,E
9.58,16.5,2.59,0.0,4.7,0.0,5,39.1,3,E
4.69,6.72,6.74,1.0,4.96,0.0,0,35.4,1,E
1.08,19.3,7.79,0.0,7.78,0.0,11,38.7,1,E
8.82,6.63,8.9,4.0,5.42,0.0,4,22.3,2,E
1.36,10.35,5.95,3.0,2.12,0.0,13,17.9,1,E
0.24,16.65,7.5,3.0,9.04,0.0,7,33.4,1,E
8.91,6.17,2.09,2.0,5.88,0.0,1,27.9,2,E
5.12,19.5,6.47,3.0,6.36,0.0,6,38.0,2,E
7.46,15.97,9.91,3.0,9.63,0.0,7,27.7,3,E
0.88,18.24,3.17,1.0,7.93,0.0,12,26.5,1,E
1.95,14.61,7.54,5.0,8.68,0.0,4,32.4,1,E
1.25,2.67,1.03,2.0,7.08,0.0,13,23.4,0,E
1.74,10.56,2.83,1.0,6.48,0.0,5,22.2,1,E
3.75,19.06,4.7,1.0,3.54,0.0,12,36.9,2,E
2.52,13.45,8.06,4.0,0.97,0.0,5,9.8,1,E
1.11,6.69,2.2,1.0,5.18,0.0,13,16.9,0,E
1.4,17.08,6.85,4.0,2.08,0.0,12,16.4,1,E
3.52,16.79,2.87,1.0,9.72,0.0,1,17.1,0,E
0.39,15.21,3.81,4.0,6.58,0.0,8,6.7,1,E
6.51,16.99,9.7,5.0,9.44,0.0,10,6.0,3,E
7.81,8.3,4.02,5.0,1.08,0.0,10,21.2,2,E
4.57,5.89,6.79,5.0,7.68,0.0,6,16.3,0,E
1.24,1.67,5.38,1.0,3.11,0.0,12,31.5,0,E
5.85,4.66,3.36,0.0,3.86,0.0,11,13.1,1,E
7.72,3.96,4.2,4.0,1.69,0.0,12,13.4,2,E
1.81,17.61,2.64,5.0,2.91,0.0,4,15.8,1,E
7.99,4.65,5.61,1.0,2.5,0.0,12,14.8,2,E
0.6,11.12,3.11,4.0,0.98,0.0,2,11.7,0,E
7.37,2.88,2.92,5.0,9.9,0.0,4,28.8,2,E
2.33,19.78,8.09,3.0,2.0,0.0,4,16.6,1,E
5.66,19.22,6.49,4.0,3.26,0.0,14,27.6,2,E
6.29,19.11,5.73,1.0,2.87,0.0,2,18.8,2,E
1.38,4.78,8.51,2.0,3.76,0.0,10,14.2,1,E
7.56,3.85,1.29,1.0,0.89,0.0,6,18.2,1,E
2.56,16.22,8.01,4.0,3.16,0.0,15,17.7,1,E
0.21,4.19,1.83,0.0,1.97,0.0,10,31.1,0,E
7.64,9.53,3.56,5.0,8.62,0.0,1,28.0,2,E
2.62,1.47,6.96,4.0,6.18,0.0,13,18.5,1,E
4.72,14.71,6.85,5.0,4.69,0.0,8,39.6,2,E
0.23,8.45,1.7,2.0,4.8,0.0,13,35.0,0,E
5.11,12.48,8.18,0.0,7.45,0.0,14,15.4,2,E
8.17,5.86,4.52,3.0,9.37,0.0,10,21.0,2,E
2.27,15.34,4.85,0.0,7.1,0.0,7,33.2,1,E
1.54,8.42,6.86,3.0,4.11,0.0,2,19.6,1,E
7.46,6.04,2.76,2.0,5.3,0.0,1,26.0,2,E
6.87,5.7,2.8,1.0,8.66,0.0,5,14.2,2,E
1.64,7.93,7.72,0.0,0.72,0.0,13,18.2,1,E
7.78,5.2,6.12,3.0,9.38,0.0,7,15.0,2,E
6.44,10.52,8.61,5.0,8.88,0.0,14,37.7,2,E
6.97,1.18,5.34,5.0,9.54,0.0,5,10.8,2,E
5.24,18.52,2.2,1.0,2.34,0.0,12,19.4,2,E
4.5,15.68,4.16,2.0,5.03,0.0,3,5.2,2,E
6.14,19.26,3.65,1.0,1.54,0.0,5,6.4,2,E
5.01,13.17,6.66,5.0,2.9,0.0,11,35.8,2,E
6.12,5.72,2.29,5.0,5.13,0.0,7,14.1,1,E
7.13,12.41,6.93,4.0,4.53,0.0,7,21.9,2,E
0.06,5.52,5.56,1.0,0.54,0.0,14,36.6,0,E
1.77,9.61,5.51,0.0,4.03,0.0,8,28.5,1,E
3.35,14.01,7.08,4.0,7.41,0.0,3,12.0,2,E
2.54,11.33,1.79,0.0,4.88,0.0,3,32.5,1,E
8.27,7.57,1.72,3.0,2.04,0.0,6,17.6,2,E
1.67,15.96,4.15,1.0,6.37,0.0,15,23.6,1,E
4.97,13.77,4.45,2.0,6.91,0.0,15,21.8,2,E
1.24,1.27,3.86,2.0,2.97,0.0,8,10.8,0,E
1.43,16.81,5.42,2.0,3.4,0.0,7,10.9,1,E
2.25,17.13,5.96,3.0,0.61,0.0,6,15.5,1,E
4.33,9.77,9.69,5.0,9.31,0.0,2,5.3,2,E
3.29,12.57,9.92,2.0,0.72,0.0,2,22.8,1,E
2.27,14.34,3.87,1.0,5.48,0.0,9,17.4,1,E
5.53,17.16,8.18,3.0,1.46,0.0,4,16.9,2,E
7.89,14.82,7.5,2.0,8.56,0.0,5,12.3,3,E
4.44,8.23,6.55,1.0,8.9,0.0,10,25.2,2,E
3.92,17.95,7.5,2.0,6.4,0.0,2,6.9,2,E
1.09,2.09,2.9,0.0,1.67,0.0,1,28.0,0,E
3.08,19.06,4.26,3.0,4.12,0.0,0,22.3,1,E
1.81,7.88,6.92,4.0,2.39,0.0,11,37.3,1,E
8.05,5.33,3.61,5.0,2.07,0.0,14,39.3,2,E
6.82,12.52,1.51,2.0,2.0,0.0,1,21.4,2,E
3.13,3.08,1.73,2.0,5.82,0.0,9,30.3,1,E
8.22,10.65,7.22,3.0,7.98,0.0,15,10.6,2,E
4.7,15.14,7.32,3.0,7.03,0.0,1,27.5,2,E
8.0,13.79,3.88,1.0,1.35,0.0,6,35.4,2,E
0.92,4.59,5.75,2.0,9.49,0.0,4,36.4,1,E
6.2,16.05,1.14,2.0,6.24,0.0,15,24.5,2,E
2.46,17.51,4.41,5.0,6.81,0.0,7,11.2,1,E
1.81,7.35,4.1,1.0,6.42,0.0,6,25.1,1,E
0.84,16.17,1.03,2.0,4.36,0.0,2,29.9,1,E
2.51,5.43,3.65,5.0,3.29,0.0,2,30.0,1,E
8.56,12.08,3.31,3.0,7.29,0.0,4,25.8,2,E
4.84,2.33,9.68,3.0,6.68,0.0,14,15.7,2,E
9.64,8.78,9.19,5.0,4.94,0.0,0,11.2,3,E
3.94,1.76,6.02,4.0,2.34,0.0,5,22.5,1,E
0.16,15.7,1.93,3.0,1.29,0.0,7,33.6,0,E
4.94,11.03,1.05,0.0,4.9,0.0,4,21.6,1,E
5.45,8.23,9.04,3.0,6.43,0.0,11,19.5,2,E
5.88,14.14,3.79,0.0,0.74,0.0,8,31.2,2,E
7.9,19.12,7.11,3.0,0.21,0.0,14,34.9,2,E
5.31,15.87,6.55,2.0,0.83,0.0,6,11.6,2,E
3.44,11.23,5.88,2.0,0.31,0.0,4,29.4,1,E
0.38,6.39,9.8,2.0,6.75,0.0,5,10.5,1,E
3.75,11.49,3.4,5.0,3.86,0.0,7,39.6,1,E
9.07,8.2,3.09,5.0,4.63,0.0,4,10.0,2,E
3.78,19.08,3.15,2.0,9.54,0.0,1,10.0,2,E
4.34,1.4,2.11,4.0,9.01,0.0,10,12.7,1,E
4.36,2.71,7.92,0.0,0.73,0.0,15,27.2,1,E
2.77,6.46,7.1,0.0,9.07,0.0,10,5.0,1,E
6.52,11.47,1.2,0.0,6.91,0.0,10,9.2,2,E
4.92,2.66,8.17,4.0,1.76,0.0,6,36.4,1,E
2.91,10.31,2.53,0.0,5.83,0.0,3,7.1,1,E
8.41,8.34,6.89,1.0,1.01,0.0,11,6.8,2,E
5.23,5.01,8.14,0.0,2.33,0.0,10,38.5,2,E
4.09,10.26,3.09,5.0,0.02,0.0,1,18.6,1,E
9.07,8.15,8.18,3.0,4.85,0.0,2,31.6,2,E
2.49,17.36,3.35,5.0,0.51,0.0,7,35.9,1,E
4.76,14.23,4.75,4.0,0.19,0.0,6,25.6,0,E
0.46,19.11,3.22,0.0,0.66,0.0,7,19.4,1,E
3.44,4.1,6.05,3.0,3.68,0.0,9,18.9,1,E
2.58,9.33,8.27,3.0,9.21,0.0,8,26.3,1,E
8.66,19.05,1.79,2.0,9.44,0.0,12,13.5,3,E
2.08,13.49,6.97,1.0,1.42,0.0,9,34.7,1,E
9.45,15.47,1.55,2.0,9.21,0.0,2,8.6,3,E
7.35,15.93,5.94,5.0,3.95,0.0,15,10.2,2,E
8.81,18.67,7.91,0.0,9.03,0.0,1,15.1,3,E
7.87,10.81,1.4,3.0,2.51,0.0,15,30.4,2,E
2.02,12.73,8.88,3.0,2.57,0.0,4,37.5,1,E
8.98,15.68,8.28,1.0,2.68,0.0,4,30.5,3,E
7.28,10.29,6.67,1.0,5.94,0.0,7,21.1,2,E
9.02,17.67,2.03,1.0,1.08,0.0,7,32.6,2,E
2.24,10.47,2.11,3.0,5.39,0.0,10,18.3,1,E
8.41,12.33,3.21,2.0,3.79,0.0,15,14.9,2,E
1.58,15.88,5.32,4.0,0.67,0.0,10,7.6,1,E
2.06,8.98,4.11,2.0,3.05,0.0,1,36.4,1,E
8.72,19.79,8.89,1.0,7.88,0.0,5,12.4,3,E
9.83,15.82,8.53,0.0,9.5,0.0,3,8.1,3,E
0.52,18.01,7.66,1.0,0.18,0.0,3,13.2,1,E
3.36,7.19,1.43,4.0,4.31,0.0,5,33.0,1,E
0.59,12.09,6.23,5.0,6.84,0.0,6,27.3,1,E
1.44,18.64,9.0,1.0,1.07,0.0,15,38.3,1,E
1.19,15.52,4.58,4.0,6.77,0.0,7,19.9,1,E
7.09,17.58,4.23,2.0,0.45,0.0,11,5.5,2,E
9.93,12.15,4.82,5.0,7.0,0.0,14,9.9,3,E
9.35,17.87,9.06,4.0,8.33,0.0,0,37.2,3,E
1.55,9.12,3.09,1.0,2.22,0.0,7,38.0,1,E
1.63,18.64,4.62,5.0,0.62,0.0,14,7.9,1,E
2.19,14.73,6.86,3.0,0.52,0.0,5,26.9,1,E
7.96,4.5,3.75,5.0,3.33,0.0,8,12.8,2,E
0.97,6.84,8.9,3.0,0.23,0.0,12,29.1,1,E
3.14,17.51,8.88,3.0,3.8,0.0,10,6.8,2,E
0.27,6.86,1.82,1.0,5.89,0.0,4,7.4,0,E
7.24,7.7,8.7,5.0,6.86,0.0,2,19.4,2,E
7.39,17.84,8.17,3.0,3.31,0.0,11,17.4,2,E
1.16,7.09,5.87,0.0,1.43,0.0,4,6.2,1,E
4.42,7.01,2.15,4.0,9.79,0.0,8,37.7,1,E
6.09,12.53,2.33,4.0,5.96,0.0,5,7.5,2,E
2.49,10.87,6.81,5.0,3.51,0.0,12,35.8,1,E
3.03,17.5,2.12,3.0,2.72,0.0,13,30.7,1,E
0.71,1.68,7.27,5.0,5.32,0.0,1,39.7,0,E
0.2,9.98,2.34,1.0,5.4,0.0,14,9.6,0,E
3.21,9.26,7.2,1.0,8.78,0.0,15,29.5,0,E
7.47,15.26,4.5,3.0,0.93,0.0,8,30.5,2,E
2.83,10.95,3.23,3.0,9.49,0.0,8,6.4,1,E
2.14,17.46,1.52,1.0,9.05,0.0,0,19.2,1,E
4.24,7.43,3.06,1.0,4.19,0.0,13,17.1,1,E
0.11,5.85,9.75,2.0,6.16,0.0,0,23.9,1,E
6.86,16.46,5.99,0.0,9.08,0.0,3,17.7,2,E
8.28,10.67,3.51,4.0,3.52,0.0,4,19.0,2,E
7.46,10.89,3.81,4.0,8.22,0.0,1,11.2,2,E
9.48,1.5,4.72,5.0,3.64,0.0,3,39.4,2,E
2.98,13.74,6.83,4.0,8.65,0.0,2,16.8,0,E
1.25,6.43,4.83,5.0,4.04,0.0,14,10.3,1,E
2.23,3.36,4.76,0.0,7.5,0.0,5,7.0,1,E
7.51,12.72,8.02,0.0,7.1,0.0,6,11.1,2,E
0.36,18.7,4.74,5.0,0.88,0.0,6,5.9,1,E
4.77,5.27,2.44,0.0,3.25,0.0,9,10.1,1,E
9.07,17.08,5.13,4.0,8.5,0.0,5,7.6,3,E
7.5,6.64,5.57,4.0,6.64,0.0,4,15.5,2,E
3.14,3.03,3.83,4.0,3.12,0.0,3,23.6,1,E
5.66,9.05,2.98,5.0,8.99,0.0,0,15.6,2,E
6.28,3.99,2.35,4.0,1.66,0.0,11,12.5,1,E
7.69,10.16,6.12,3.0,6.57,0.0,12,35.8,2,E
0.43,12.93,9.55,4.0,9.32,0.0,15,31.5,1,E
9.36,13.66,6.51,4.0,1.81,0.0,14,22.0,3,E
8.13,6.72,2.09,5.0,2.35,0.0,9,14.3,2,E
1.92,10.31,8.88,5.0,6.19,0.0,3,29.1,1,E
4.82,15.96,6.23,1.0,0.28,0.0,10,6.5,2,E
8.6,13.96,2.19,4.0,2.79,0.0,13,12.6,2,E
4.85,5.05,9.5,5.0,8.56,0.0,12,13.8,2,E
0.26,5.12,5.33,3.0,4.31,0.0,9,35.8,0,E
9.22,8.9,4.31,5.0,2.86,0.0,0,28.2,2,E
0.67,5.23,1.89,2.0,5.49,0.0,1,9.0,0,E
6.94,16.05,8.07,3.0,5.95,0.0,9,7.4,2,E
8.31,11.88,1.68,1.0,7.64,0.0,2,22.3,2,E
7.2,19.6,9.85,2.0,2.81,0.0,15,25.5,3,E
5.71,5.99,2.4,4.0,0.41,0.0,12,26.5,1,E
9.58,15.72,5.08,4.0,1.36,0.0,11,9.1,3,E
8.74,6.04,1.7,0.0,9.3,0.0,12,39.1,2,E
6.77,18.82,8.6,0.0,1.02,0.0,0,23.6,2,E
4.6,14.29,9.3,5.0,2.83,0.0,7,28.1,2,E
7.95,18.69,6.79,3.0,0.17,0.0,3,35.6,2,E
0.94,11.75,4.06,1.0,7.86,0.0,6,15.6,1,E
2.38,16.89,7.2,5.0,8.36,0.0,13,33.3,2,E
0.37,17.81,7.77,1.0,6.33,0.0,11,32.4,1,E
5.13,1.44,4.8,5.0,5.5,0.0,4,19.1,1,E
1.6,15.48,3.58,0.0,9.82,0.0,12,6.2,1,E
7.58,8.75,5.88,3.0,5.45,0.0,12,14.3,2,E
5.7,13.41,4.75,5.0,6.02,0.0,11,21.8,2,E
5.74,17.21,2.04,4.0,8.49,0.0,9,32.5,2,E
1.25,18.5,2.33,5.0,5.21,0.0,2,27.3,1,E
8.75,10.63,7.09,1.0,9.7,0.0,2,30.6,3,E
1.08,16.16,4.85,5.0,0.92,0.0,3,19.1,1,E
8.26,19.47,5.0,2.0,7.72,0.0,12,31.0,3,E
6.09,7.0,3.17,5.0,9.27,0.0,4,39.3,2,E
1.53,14.54,5.44,1.0,4.11,0.0,5,31.7,1,E
3.8,18.89,9.03,3.0,9.57,0.0,13,12.6,2,E
0.53,5.89,5.61,1.0,1.38,0.0,6,13.0,0,E
7.83,16.38,1.53,0.0,2.54,0.0,9,7.4,2,E
3.84,1.98,2.99,2.0,6.3,0.0,8,16.3,1,E
5.99,10.0,6.29,2.0,2.38,0.0,3,27.3,2,E
7.87,19.49,7.57,1.0,2.73,0.0,4,21.2,3,E
8.81,1.54,2.53,0.0,5.11,0.0,1,8.3,2,E
5.86,19.55,2.99,0.0,5.27,0.0,13,25.7,2,E
4.17,11.45,1.88,1.0,3.35,0.0,13,8.3,1,E
6.99,12.83,9.68,1.0,3.99,0.0,9,13.9,2,E
5.12,7.87,6.05,3.0,2.16,0.0,2,7.8,1,E
2.23,11.73,9.53,2.0,6.4,0.0,1,5.5,1,E
2.92,5.78,2.91,1.0,9.35,0.0,9,21.9,1,E
3.05,17.17,7.66,4.0,2.53,0.0,4,9.9,0,E
6.01,6.3,7.61,1.0,9.91,0.0,11,24.0,2,E
9.76,7.56,8.92,3.0,6.26,0.0,10,23.0,3,E
7.62,19.93,1.04,0.0,5.98,0.0,2,26.4,2,E
9.32,5.03,9.4,5.0,3.93,0.0,5,15.8,2,E
8.65,7.41,7.82,4.0,2.44,0.0,8,13.9,2,E
9.15,3.91,3.27,4.0,6.4,0.0,14,13.4,2,E
1.35,9.23,9.18,2.0,6.23,0.0,15,12.4,1,E
5.7,3.11,8.57,3.0,1.8,0.0,8,33.1,2,E
6.57,13.39,2.28,4.0,1.94,0.0,0,30.4,2,E
3.75,18.85,5.55,3.0,3.11,0.0,8,25.1,2,E
2.7,12.73,5.49,1.0,7.81,0.0,2,36.6,1,E
3.87,16.98,6.23,3.0,5.85,0.0,12,30.9,2,E
0.71,18.67,8.39,1.0,6.19,0.0,7,35.1,1,E
1.97,6.25,9.41,3.0,4.63,0.0,8,6.7,1,E
6.58,11.66,2.99,4.0,2.4,0.0,0,31.0,2,E
4.18,17.91,2.91,4.0,2.46,0.0,1,12.1,1,E
4.15,12.02,6.55,4.0,1.2,0.0,2,14.7,1,E
7.02,1.53,4.0,4.0,4.43,0.0,9,13.0,2,E
0.11,2.61,9.45,4.0,6.09,0.0,0,26.8,0,E
2.79,5.81,6.94,0.0,0.12,0.0,3,24.6,1,E
6.6,5.86,8.64,4.0,7.05,0.0,3,24.3,2,E
3.62,13.4,2.52,3.0,8.92,0.0,0,10.0,1,E
8.51,1.15,5.58,4.0,5.74,0.0,11,21.5,2,E
2.48,11.71,8.48,5.0,8.35,0.0,11,14.4,1,E
3.98,14.06,9.0,3.0,7.06,0.0,0,35.2,2,E
2.99,3.25,7.79,4.0,9.8,0.0,9,5.2,1,E
1.35,5.21,2.2,4.0,3.5,0.0,4,16.0,0,E
7.25,9.55,2.9,0.0,0.54,0.0,10,20.9,2,E
7.21,5.08,1.31,2.0,8.7,0.0,2,24.0,2,E
0.89,10.4,7.56,2.0,9.2,0.0,12,35.8,1,E
8.34,3.2,8.27,5.0,7.09,0.0,14,32.8,2,E
8.42,6.17,2.48,1.0,8.88,0.0,5,5.8,2,E
9.86,19.02,6.51,1.0,0.38,0.0,5,20.9,3,E
0.68,18.19,1.26,2.0,5.82,0.0,13,13.7,1,E
1.66,17.16,8.9,5.0,9.52,0.0,13,28.6,2,E
3.16,12.26,5.54,2.0,2.52,0.0,5,20.4,1,E
4.17,10.53,4.36,2.0,0.16,0.0,15,36.6,1,E
0.2,4.82,1.61,5.0,0.89,0.0,0,24.1,0,E
5.65,4.28,6.0,5.0,5.24,0.0,5,10.6,0,E
5.53,8.03,6.24,1.0,4.39,0.0,10,17.9,2,E
3.82,11.27,9.41,0.0,9.62,0.0,9,38.4,2,E
1.06,13.01,6.98,5.0,6.41,0.0,6,39.5,1,E
8.46,18.01,1.49,3.0,8.94,0.0,8,8.5,0,E
4.39,7.22,8.81,0.0,2.74,0.0,7,36.5,0,E
2.47,3.03,7.5,5.0,6.61,0.0,7,36.2,1,E
2.28,8.67,7.58,4.0,7.42,0.0,15,39.7,1,E
7.4,7.41,4.52,4.0,1.68,0.0,15,9.4,2,E
5.62,5.42,9.15,4.0,7.74,0.0,0,38.4,2,E
9.41,2.74,5.64,0.0,3.48,0.0,1,15.9,2,E
0.52,2.95,9.95,1.0,5.0,0.0,12,15.1,1,E
6.72,13.8,4.39,1.0,7.56,0.0,11,10.1,2,E
4.82,18.87,7.62,3.0,3.89,0.0,11,29.8,2,E
6.91,11.51,3.58,4.0,5.74,0.0,4,34.2,2,E
2.73,1.65,2.22,1.0,8.45,0.0,5,7.5,1,E
4.86,12.09,2.98,5.0,2.77,0.0,11,38.1,1,E
5.54,16.11,1.04,2.0,7.33,0.0,4,34.6,2,E
0.99,5.25,3.15,1.0,8.69,0.0,14,13.8,1,E
4.86,16.28,2.85,4.0,5.4,0.0,15,36.4,2,E
9.75,13.68,6.82,5.0,6.5,0.0,5,30.7,3,E
2.24,18.56,3.62,4.0,6.07,0.0,4,18.9,1,E
9.39,9.01,9.46,3.0,8.68,0.0,0,14.0,3,E
6.73,9.0,7.05,2.0,6.48,0.0,4,35.9,2,E
3.69,1.89,2.57,5.0,7.35,0.0,8,17.4,1,E
6.23,17.44,9.83,0.0,1.64,0.0,11,16.2,2,E
1.22,13.2,2.28,4.0,5.69,0.0,3,10.2,1,E
4.85,16.25,3.63,1.0,7.47,0.0,14,32.9,2,E
7.14,16.94,6.98,0.0,7.98,0.0,2,8.8,2,E
0.23,7.11,9.62,1.0,9.71,0.0,15,19.8,1,E
8.64,11.16,2.27,5.0,4.43,0.0,3,31.6,2,E
3.48,8.27,7.84,3.0,2.47,0.0,8,9.1,1,E
5.79,11.35,1.44,2.0,5.77,0.0,5,6.5,2,E
9.66,5.2,2.15,5.0,9.13,0.0,6,13.3,2,E
8.8,17.74,2.9,1.0,7.4,0.0,4,23.8,3,E
8.49,3.84,8.06,0.0,8.53,0.0,4,12.4,2,E
7.01,10.79,2.34,2.0,4.75,0.0,10,5.1,2,E
2.38,14.09,6.04,3.0,5.49,0.0,2,28.8,1,E
5.5,8.14,8.01,3.0,3.98,0.0,15,10.1,2,E
5.59,7.3,9.1,2.0,9.06,0.0,10,20.3,2,E
9.03,16.28,6.01,0.0,4.94,0.0,2,16.3,3,E
0.42,18.18,3.74,3.0,0.63,0.0,4,37.9,1,E
1.88,9.34,2.85,0.0,8.2,0.0,4,28.8,1,E
1.05,2.76,4.14,0.0,0.56,0.0,10,10.7,0,E
1.39,13.08,7.68,1.0,4.62,0.0,12,29.8,1,E
1.57,4.65,9.61,0.0,0.6,0.0,13,38.7,1,E
0.71,7.77,8.54,4.0,1.11,0.0,15,35.5,1,E
2.69,17.16,9.53,3.0,5.04,0.0,13,32.3,2,E
9.03,8.3,8.98,1.0,3.61,0.0,14,23.3,0,E
2.53,12.44,1.83,3.0,0.48,0.0,8,24.0,1,E
5.54,16.25,7.0,2.0,1.2,0.0,10,6.4,2,E
7.2,19.94,3.49,3.0,1.73,0.0,12,28.1,2,E
8.76,14.33,7.98,4.0,8.41,0.0,2,15.8,3,E
6.1,14.31,6.67,2.0,5.15,0.0,0,21.8,2,E
5.48,16.14,2.22,1.0,0.16,0.0,8,16.2,2,E
0.25,2.18,6.73,0.0,9.29,0.0,10,22.4,1,E
4.88,18.87,2.83,4.0,2.93,0.0,0,39.4,2,E
0.87,1.9,8.33,1.0,9.58,0.0,5,17.8,1,E
8.97,10.15,7.44,1.0,2.44,0.0,5,19.7,2,E
5.02,9.45,8.79,0.0,1.67,0.0,13,21.4,2,E
2.61,15.67,1.93,5.0,8.64,0.0,12,36.2,1,E
1.14,18.59,5.21,0.0,8.08,0.0,12,11.5,1,E
2.14,3.29,3.15,5.0,1.21,0.0,9,21.8,0,E
0.66,18.96,9.91,2.0,7.29,0.0,13,21.5,1,E
2.16,18.62,3.69,3.0,1.37,0.0,13,9.6,1,E
5.96,16.77,1.87,2.0,4.12,0.0,2,11.6,2,E
7.4,19.72,2.42,3.0,4.86,0.0,7,17.6,2,E
9.02,1.95,4.84,0.0,5.07,0.0,12,10.3,2,E
4.19,16.55,5.37,3.0,7.82,0.0,1,20.2,2,E
1.24,12.26,5.36,1.0,2.87,0.0,9,35.7,1,E
5.32,18.58,7.78,5.0,0.4,0.0,15,5.4,2,E
6.96,18.48,7.44,3.0,7.7,0.0,5,7.3,3,E
8.16,19.31,7.87,5.0,4.55,0.0,1,17.7,3,E
3.18,4.34,1.92,1.0,6.45,0.0,9,8.1,1,E
5.27,3.16,8.88,2.0,9.91,0.0,3,25.2,2,E
8.34,16.24,1.6,2.0,2.24,0.0,15,28.2,2,E
9.77,18.13,5.48,3.0,9.37,0.0,14,24.2,3,E
8.9,2.7,4.47,1.0,2.37,0.0,5,31.5,2,E
8.74,16.6,7.47,2.0,6.51,0.0,10,39.4,3,E
5.12,11.39,1.76,5.0,7.28,0.0,5,9.2,0,E
9.16,14.07,1.69,0.0,3.29,0.0,5,22.7,2,E
0.25,10.46,3.47,2.0,3.85,0.0,8,20.6,0,E
1.88,3.01,9.65,3.0,7.11,0.0,5,14.2,1,E
8.04,1.48,4.91,5.0,4.39,0.0,14,31.3,2,E
1.51,6.34,9.3,1.0,7.06,0.0,10,6.7,1,E
5.93,13.04,4.32,3.0,1.87,0.0,7,5.4,2,E
0.5,14.07,1.68,4.0,3.33,0.0,7,24.5,1,E
7.93,1.41,8.97,1.0,7.07,0.0,8,20.4,2,E
7.08,5.56,7.76,1.0,6.74,0.0,9,29.3,2,E
8.08,6.96,3.85,3.0,1.92,0.0,2,28.5,2,E
6.73,18.75,4.03,4.0,8.47,0.0,14,39.0,2,E
5.8,14.13,2.78,3.0,0.87,0.0,2,17.5,2,E
0.35,13.39,6.69,3.0,5.23,0.0,14,13.9,1,E
6.64,16.7,8.15,5.0,7.56,0.0,2,6.0,2,E
3.78,2.88,3.13,1.0,9.39,0.0,6,21.9,1,E
0.02,15.98,9.25,4.0,7.08,0.0,1,38.8,1,E
1.23,3.74,8.18,1.0,5.39,0.0,1,35.8,1,E
2.96,15.86,2.76,1.0,2.47,0.0,9,29.8,1,E
5.35,12.5,3.29,1.0,8.7,0.0,4,36.4,2,E
5.66,19.54,3.7,3.0,0.14,0.0,7,38.8,2,E
9.86,6.49,5.36,5.0,9.3,0.0,3,19.3,3,E
5.67,11.66,5.34,4.0,1.3,0.0,6,12.9,2,E
5.32,14.81,1.19,4.0,9.13,0.0,1,35.4,2,E
2.42,17.84,6.17,1.0,6.09,0.0,4,22.0,1,E
3.05,7.03,7.79,5.0,3.65,0.0,13,27.6,1,E
9.18,6.36,5.54,2.0,0.54,0.0,4,10.0,2,E
9.84,2.3,6.67,1.0,0.37,0.0,10,23.9,2,E
7.76,9.15,3.65,3.0,5.6,0.0,13,22.5,2,E
6.35,19.53,1.38,1.0,5.74,0.0,9,25.2,2,E
2.74,11.51,2.61,4.0,7.22,0.0,6,31.5,1,E
4.62,6.47,4.27,1.0,8.04,0.0,6,17.2,1,E
5.59,7.53,9.27,2.0,2.2,0.0,11,34.9,2,E
0.72,4.14,6.78,0.0,7.5,0.0,1,35.2,1,E
5.23,10.26,3.25,1.0,2.07,0.0,4,33.1,1,E
3.7,19.45,4.4,3.0,5.57,0.0,2,8.5,2,E
3.94,7.44,4.24,5.0,3.18,0.0,13,26.8,1,E
8.94,11.92,7.47,4.0,0.37,0.0,4,12.6,2,E
7.63,9.92,8.71,5.0,8.01,0.0,11,7.1,2,E
0.31,9.31,6.8,0.0,1.98,0.0,14,27.4,1,E
1.3,13.87,1.65,2.0,1.13,0.0,0,11.2,0,E
1.08,3.73,2.89,0.0,8.43,0.0,2,9.1,0,E
3.25,1.15,2.57,1.0,0.33,0.0,7,26.1,1,E
8.8,2.99,3.19,5.0,0.2,0.0,1,24.1,2,E
0.92,1.32,4.57,5.0,5.88,0.0,4,38.0,0,E
3.92,11.71,5.25,2.0,1.92,0.0,9,35.4,1,E
5.33,8.22,5.2,5.0,2.46,0.0,5,23.5,0,E
5.86,2.57,6.26,4.0,4.42,0.0,3,31.5,1,E
6.01,11.05,2.63,2.0,7.47,0.0,0,26.7,2,E
7.3,13.73,3.66,0.0,4.57,0.0,9,29.5,2,E
3.26,10.31,7.01,2.0,9.55,0.0,5,32.3,2,E
3.25,9.21,6.15,1.0,0.73,0.0,11,19.2,1,E
0.81,16.94,9.61,3.0,3.76,0.0,3,20.3,1,E
2.72,17.1,6.49,5.0,3.4,0.0,8,35.7,1,E
3.34,9.77,8.59,2.0,8.65,0.0,6,16.5,2,E
4.4,2.71,5.15,1.0,7.68,0.0,6,35.5,1,E
0.62,18.01,6.46,0.0,1.51,0.0,15,30.3,1,E
8.28,4.56,6.13,2.0,4.95,0.0,5,32.5,2,E
1.22,10.4,3.62,2.0,3.36,0.0,0,10.0,1,E
0.09,6.59,1.02,5.0,1.62,0.0,6,39.0,0,E
7.59,8.76,6.56,3.0,4.32,0.0,12,36.4,2,E
0.68,11.49,4.83,3.0,2.98,0.0,4,31.4,1,E
5.19,14.19,7.31,3.0,3.12,0.0,2,11.1,2,E
9.88,18.89,4.92,2.0,4.62,0.0,2,29.0,3,E
1.27,7.15,9.02,3.0,6.36,0.0,5,9.2,1,E
7.12,19.57,6.58,0.0,8.38,0.0,1,38.7,3,E
3.73,4.29,3.84,0.0,4.7,0.0,4,25.3,1,E
1.79,10.78,6.36,2.0,4.4,0.0,13,25.8,1,E
7.06,14.99,6.26,5.0,8.27,0.0,2,14.1,2,E
2.74,5.6,5.5,4.0,9.84,0.0,14,32.0,1,E
2.44,2.6,2.07,2.0,5.81,0.0,2,33.9,1,E
3.33,1.39,8.38,5.0,8.08,0.0,2,28.3,1,E
4.85,2.43,1.26,0.0,9.13,0.0,5,26.5,1,E
6.19,3.93,6.67,2.0,5.62,0.0,3,10.2,2,E
8.26,8.88,7.98,2.0,2.87,0.0,14,23.1,2,E
0.29,11.89,2.51,1.0,2.79,0.0,0,25.8,0,E
7.88,11.78,3.53,4.0,8.57,0.0,4,11.6,2,E
5.95,2.95,8.94,0.0,3.12,0.0,6,33.9,2,E
5.83,7.33,3.82,2.0,4.46,0.0,9,5.1,0,E
9.97,8.72,5.13,4.0,2.47,0.0,2,14.8,2,E
8.66,19.76,9.46,2.0,5.27,0.0,14,5.7,3,E
5.72,10.45,7.23,5.0,6.85,0.0,4,29.0,2,E
3.36,12.84,7.88,1.0,8.38,0.0,2,30.8,2,E
1.3,1.39,3.3,4.0,2.93,0.0,8,18.8,0,E
0.6,18.58,5.87,5.0,1.29,0.0,13,19.2,1,E
0.86,8.86,4.32,1.0,0.34,0.0,2,16.7,0,E
5.76,17.75,7.82,0.0,9.21,0.0,10,34.2,2,E
2.76,19.12,2.68,0.0,8.6,0.0,8,35.5,0,E
2.37,2.14,3.96,5.0,2.23,0.0,0,22.8,0,E
2.12,5.83,9.74,4.0,0.29,0.0,2,25.3,1,E
0.81,3.44,3.51,2.0,5.59,0.0,13,38.7,0,E
3.16,14.77,8.84,1.0,6.25,0.0,12,27.9,2,E
8.61,5.35,5.98,3.0,5.38,0.0,7,14.5,2,E
1.37,13.27,6.54,1.0,4.01,0.0,1,35.3,1,E
2.25,12.56,8.99,5.0,4.48,0.0,0,36.7,1,E
2.11,4.34,7.35,5.0,1.12,0.0,14,32.5,1,E
6.4,5.64,1.43,0.0,9.35,0.0,10,6.9,2,E
4.92,13.4,9.82,4.0,5.22,0.0,2,26.4,2,E
6.32,18.78,1.08,5.0,4.07,0.0,11,36.4,2,E
3.34,11.71,1.31,4.0,0.52,0.0,14,19.2,1,E
8.23,9.44,9.9,4.0,1.85,0.0,8,23.7,2,E
9.08,2.12,2.31,0.0,2.93,0.0,2,33.0,2,E
8.41,13.31,4.31,1.0,8.11,0.0,9,7.5,2,E
8.64,12.94,9.97,5.0,8.91,0.0,0,25.4,3,E
6.72,13.36,7.56,4.0,8.65,0.0,8,16.5,2,E
7.44,10.37,1.68,1.0,5.03,0.0,9,24.8,2,E
5.56,3.88,8.35,4.0,2.59,0.0,5,38.4,2,E
0.58,13.02,2.06,4.0,3.01,0.0,5,28.1,1,E
6.87,3.46,9.6,2.0,3.11,0.0,5,9.3,2,E
9.62,6.33,8.42,3.0,8.72,0.0,2,24.1,3,E
4.02,17.32,6.27,5.0,7.77,0.0,14,31.2,2,E
8.14,11.49,7.42,0.0,4.86,0.0,1,37.2,2,E
8.07,12.32,4.51,3.0,3.58,0.0,13,13.0,2,E
1.96,8.56,2.5,3.0,4.45,0.0,4,36.6,1,E
3.39,6.39,9.54,2.0,0.8,0.0,8,39.6,1,E
8.38,8.91,3.86,2.0,9.01,0.0,14,26.7,2,E
4.55,16.4,4.32,2.0,7.41,0.0,13,6.2,2,E
0.91,12.28,9.45,3.0,9.23,0.0,13,31.9,1,E
9.19,18.23,5.67,0.0,0.46,0.0,12,20.5,3,E
4.75,11.22,1.1,2.0,2.77,0.0,1,20.8,1,E
0.2,13.02,4.08,0.0,9.11,0.0,6,34.6,1,E
9.18,12.91,7.27,2.0,6.68,0.0,15,15.4,3,E
5.12,5.58,2.82,1.0,2.89,0.0,7,13.9,1,E
7.78,4.72,8.34,4.0,9.07,0.0,4,17.2,2,E
3.15,10.37,6.2,3.0,9.5,0.0,8,20.3,1,E
8.33,17.8,3.03,5.0,7.4,0.0,13,34.3,3,E
7.69,15.35,1.34,1.0,4.86,0.0,13,32.2,2,E
6.42,10.42,7.67,5.0,4.35,0.0,9,29.8,2,E
7.27,8.18,8.08,2.0,6.5,0.0,7,9.6,2,E
2.06,7.7,6.55,4.0,7.49,0.0,12,34.5,1,E
1.97,11.32,1.19,1.0,7.34,0.0,10,12.9,1,E
3.4,12.79,1.97,1.0,2.8,0.0,8,26.9,1,E
8.48,9.1,5.0,3.0,6.02,0.0,13,25.6,2,E
3.68,10.56,1.72,5.0,1.06,0.0,6,18.4,1,E
0.37,15.67,6.2,1.0,3.03,0.0,2,11.7,1,E
0.44,10.38,8.09,3.0,3.59,0.0,14,13.5,1,E
0.19,1.38,7.48,5.0,8.56,0.0,15,9.5,1,E
1.92,14.61,8.93,5.0,3.67,0.0,0,9.9,1,E
1.19,18.81,1.62,3.0,9.62,0.0,8,35.3,1,E
0.4,13.71,7.82,0.0,0.07,0.0,1,19.9,1,E
9.5,1.51,5.35,5.0,6.11,0.0,13,17.2,2,E
9.49,12.5,6.11,2.0,9.35,0.0,12,6.8,3,E
7.83,4.23,1.12,1.0,0.99,0.0,5,25.4,0,E
7.43,2.39,9.37,2.0,5.91,0.0,4,27.3,2,E
4.06,14.9,7.08,0.0,6.56,0.0,10,20.8,2,E
8.1,5.38,4.7,3.0,2.89,0.0,7,16.0,2,E
1.83,1.04,1.51,3.0,4.42,0.0,14,37.5,0,E
8.92,14.9,1.32,4.0,1.29,0.0,7,7.1,2,E
1.08,17.71,4.52,1.0,6.01,0.0,2,30.2,1,E
1.1,5.1,5.32,2.0,9.04,0.0,13,17.2,1,E
1.99,10.88,4.67,0.0,5.07,0.0,7,12.4,1,E
6.76,14.49,4.78,2.0,4.63,0.0,12,25.9,2,E
4.36,17.57,4.78,2.0,5.03,0.0,11,39.0,2,E
0.98,14.38,4.85,4.0,2.53,0.0,7,21.0,1,E
8.62,11.48,3.92,3.0,9.34,0.0,8,36.1,0,E
1.57,11.04,3.1,3.0,8.17,0.0,3,15.7,1,E
3.63,15.27,3.38,3.0,7.61,0.0,7,36.0,2,E
9.74,15.62,5.93,4.0,8.84,0.0,9,19.0,3,E
8.69,14.16,7.0,1.0,1.38,0.0,8,36.5,0,E
5.33,12.36,9.22,2.0,6.6,0.0,6,26.8,2,E
6.53,16.77,8.36,4.0,8.77,0.0,1,35.9,2,E
9.25,18.84,1.26,5.0,2.04,0.0,8,18.9,2,E
0.38,14.49,2.66,0.0,9.87,0.0,14,20.2,1,E
5.18,18.26,4.13,4.0,7.5,0.0,11,38.6,2,E
9.62,8.17,8.45,4.0,6.7,0.0,2,25.6,3,E
9.76,10.42,1.84,2.0,3.73,0.0,0,9.1,2,E
7.35,11.85,6.5,5.0,7.71,0.0,5,29.2,2,E
2.85,12.6,7.47,1.0,0.74,0.0,8,8.1,1,E
9.25,11.68,9.45,1.0,2.14,0.0,2,21.4,3,E
4.16,17.8,7.33,5.0,9.8,0.0,8,31.5,2,E
3.67,15.4,5.66,0.0,6.03,0.0,4,36.7,2,E
4.77,9.93,8.92,2.0,5.24,0.0,6,39.4,2,E
7.87,19.33,1.43,4.0,3.7,0.0,5,23.4,2,E
5.92,8.99,6.13,3.0,6.65,0.0,6,6.7,2,E
6.94,8.34,2.91,2.0,1.01,0.0,6,19.7,2,E
4.36,19.61,4.74,1.0,8.37,0.0,13,39.6,2,E
6.12,8.29,9.86,2.0,0.73,0.0,9,17.0,2,E
0.58,6.39,7.18,4.0,6.42,0.0,4,21.5,1,E
0.55,10.45,2.51,3.0,1.17,0.0,12,17.3,0,E
8.25,16.84,7.16,4.0,4.32,0.0,5,10.9,3,E
2.57,3.6,1.04,5.0,7.35,0.0,15,10.1,1,E
4.21,15.19,3.66,5.0,9.21,0.0,2,16.2,2,E
1.0,10.68,9.67,2.0,0.33,0.0,12,31.6,1,E
2.98,13.87,6.12,0.0,9.54,0.0,9,8.7,2,E
7.3,13.8,6.31,2.0,0.93,0.0,6,26.6,2,E
2.92,11.51,2.78,2.0,3.3,0.0,2,13.7,1,E
7.41,15.42,7.83,3.0,6.76,0.0,0,27.7,2,E
0.87,4.83,9.28,5.0,9.92,0.0,11,24.0,1,E
8.06,12.54,2.48,0.0,1.24,0.0,8,33.1,2,E
0.55,19.84,4.68,3.0,6.9,0.0,12,5.5,1,E
7.77,10.77,1.85,2.0,4.36,0.0,10,30.7,2,E
7.51,10.98,2.6,1.0,3.84,0.0,10,8.1,2,E
8.36,18.35,5.0,3.0,2.32,0.0,11,39.0,0,E
2.66,5.0,6.76,3.0,7.29,0.0,6,39.8,1,E
0.04,7.99,9.48,3.0,3.93,0.0,9,11.6,1,E
3.33,6.9,2.39,4.0,3.97,0.0,9,8.8,1,E
8.52,2.56,6.61,3.0,7.25,0.0,0,13.0,2,E
6.97,1.07,8.3,4.0,7.44,0.0,13,19.7,2,E
0.46,9.22,2.02,5.0,0.8,0.0,9,23.0,0,E
8.6,16.04,2.92,1.0,9.47,0.0,9,9.2,3,E
7.83,2.01,2.98,3.0,6.85,0.0,12,32.3,2,E
1.23,19.72,8.66,2.0,4.52,0.0,0,32.9,1,E
5.52,15.87,9.73,2.0,1.03,0.0,1,40.0,2,E
8.79,2.05,2.71,4.0,9.76,0.0,11,36.1,2,E
